EDCS-ID	publication	province	place	dating from	dating to	status	inscription	Links	Latitude	Longitude	TM Place	language	photo
													
													
EDCS-12401102	CIL 09, 01596 = D 05511 = AE 2013, 00331 = AB p 18	Apulia et Calabria / Regio II	Benevento / Beneventum	401	450	ordo senatorius; tituli honorarii; tituli operum; tituli sacri	"] spect[abili viro] / iustitia [admir]abili castita/te conspic[uo rep]aratori fori pro / magna [parte co]nlapsi in ruin[am] / co[n]di[tori curiae(?)] restitutori ba/silicae [cu]m porticibus sagit/ta[riorum] regionis viae novae / repar[atori] thermarum Co<m=N>modiana/rum re[stitu]tori collegiorum repa/ratori [porti]cus Dianae reparatori / basilicae [L]ongini ac totius prope civi/tatis [post h]ostile incendium condi/tori [ob] insignia eius in omnem pro/[v]in[ciam] pr(a)ecipuaque in se et patriam / [suam m]erita populus Beneven/[tanu]s ad aeternam memoriam / statuam conlocavit
material: lapis"	http://db.edcs.eu/epigr/partner.php?s_language=en&param=S1746;N128690;cil09_p271;de_21dessuoft%23page/378/mode/2up | http://www.edr-edr.it/edr_programmi/res_complex_comune.php?do=book&id_nr=EDR128690&partId=1	41.1295587	14.7824639			
EDCS-03000604	CAG-79, p 270 = AE 1996, 01048	Aquitani(c)a	Perigne / Pictones	236	237		[Imp(erator) Caes(ar) C(aius) Iul(ius) V]erus Maxi[minus] / [Pius Fel(ix) A]ug(ustus) pontifex maxi[mus] / [trib(unicia) pot(estate) I]II co(n)s(ul) proco(n)s(ul) / [p(ater) p(atriae) 3]s et G(aius) Iul(ius) Verus / [Maximus nob(ilissimus) Caes(ar) trib(unicia)] potes(tate) III(!) co(n)s(ul) / [princeps] i(u)vent(utis) vias / [et pontes vetust(ate) conlaps(os) 3]po restituer(unt) / [X]X	http://db.edcs.eu/epigr/partner.php?s_language=en&param=HD050246 | https://edh-www.adw.uni-heidelberg.de/edh/inschrift/HD050246	46.1875362	-0.2536718			http://db.edcs.eu/epigr/bilder.php?bilder.php?bild=$AE_1996_01048.jpg
EDCS-12400055	CIL 17-02, 00326 = CIL 13, 08874 = ILA-Vell 00060 = CAG-43, p 134	Aquitani(c)a	Saint-Paulien / Ruessio / Ruessium	237	237	Augusti/Augustae; miliaria; tituli operum; viri	"[Imp(erator) Caes(ar) C(aius) Iul(ius)] / [Veru]s [Maximinus] / [P(ius) Fel(ix) Aug(ustus) p(ontifex) m(aximus) tr(ibunicia) p(otestate) III] / [co(n)s(ul) procons(ul) p(ater) p(atriae) imp(erator) V et] / [C(aius) Iul(ius) Verus Maximus nob(ilissimus) Ca]es(ar) princeps / [iu]vent(utis) vias et / [po]ntes vetus/[tate] conlapsas / [res]titue[runt
material: lapis"	http://db.edcs.eu/epigr/partner.php?s_language=en&param=G160100700060	45.1358502	3.8131147			
EDCS-12400098	CIL 17-02, 00367 = CIL 13, 08940 = CAG-18, p 251	Aquitani(c)a	Trouy	237	237	Augusti/Augustae; miliaria; tituli operum; viri	"[Imp(erator) Caes(ar) C(aius) Iulius V]erus Maxi/[minus Pius] Felix Aug(ustus) p(ontifex) m(aximus) tr(ibunicia) p(otestate) III / [imp(erator) V co(n)s(ul)] p(ater) p(atriae) Germanicus ma/[xim(us) et C(aius) Iul(ius)] Verus Maximus no/[bilissimus C]aes(ar) princeps / [iuventutis] vias et pontes vetus/[tate conla]psas restituerunt / [Avaric(o) l(eugas)] XVIIII f(inibus) l(eugas) IIII
material: lapis"		47.0088361	2.3565352			http://db.edcs.eu/epigr/bilder.php?bilder.php?bild=$CIL_13_08940.jpg
EDCS-29100259	CIL 03, 11332 = IPSSTA 00004 = RHP 00203	Barbaricum	Virt / Virtpuszta / Virth	238	244	Augusti/Augustae; miliaria; milites; tituli operum; viri	"Imp(erator) Cae[s(ar)] / [M(arcus) A]nt(onius) [G]or[dianus] / [P(ius) F(elix)] Aug(ustus) p(ontifex) [m(aximus)] tr[ib(unicia) p(otestate) 3] / [p(ater) p(atriae)] co(n)s(ul) pro[co(n)s(ul)] / [via]s vetust[ate con]/[lap]s(as) cum [pontibus] / [rest]ituit per [alam III] / [Thracum] Gordian[am] / a Br[ig(etione)] / m(ilia) p(assuum) V
material: lapis"	http://db.edcs.eu/epigr/partner.php?s_language=en&param=CO0053250;lu_7288;HD074305 | https://edh-www.adw.uni-heidelberg.de/edh/inschrift/HD074305 | http://cil.bbaw.de/dateien/cil_view.php?KO=KO0053250	47.7537176	18.3215832			http://db.edcs.eu/epigr/bilder.php?bilder.php?bild=pp
EDCS-12400252	CIL 17-02, 00513 = CIL 13, 09034 = ILTG 00487 = CAG-02, p 264	Belgica	Juvigny			Augusti/Augustae; miliaria; tituli operum; viri	"[Imp(erator) Caes(ar) M(arcus) Aur(elius) An]/[t]oninus Pius Fe[l(ix)] / [A]u[g(ustus) P]arth(icus) [max(imus)] / [Brit(annicus)] m[ax(imus) pont(ifex)] / [max(imus) tr]i[b(unicia) pot(estate) XVI(?)] / [imp(erator) 3] / [pr]in[c(eps) iuv]en[t(utis)] / [fo]rti[ss]imu[s fe]/[licissimusq(ue) magnus] / prin[c]ep[s p]a[cator] / [o]rbi[s] vias / [et] pont(es) vetust(ate) / conla<p=B>sas res/[ti]tuit / ab Aug(usta Suessionum) l(eugas) [3]
material: lapis"		49.265126	3.191284			
EDCS-12400258	CIL 17-02, 00518 = CIL 13, 09054 = CAG-57-02, p 288 = AE 1983, 00710	Belgica	Le Sablon / Sablon / Divodurum	101	300	miliaria; tituli operum	"] / vias et pon[tes vetus]/tate conl[apsas restituit]
material: lapis"	http://db.edcs.eu/epigr/partner.php?s_language=en&param=HD000629 | https://edh-www.adw.uni-heidelberg.de/edh/inschrift/HD000629	49.1002234	6.1781542			http://db.edcs.eu/epigr/bilder.php?bilder.php?bild=pp
EDCS-07901037	RIB-01, 02228	Britannia	Bitterne / Clausentum	101	230		"] / [trib(uniciae)] p[o]t(estatis) XVIII / v[i]as [i]n ru[i]nam / vet[u]sta[te] c[o]n[l]a<p=B>[sas] / VDINIM r[e]sti[tuit]
material: lapis"	http://db.edcs.eu/epigr/partner.php?s_language=en&param=R2228;HD071353 | https://edh-www.adw.uni-heidelberg.de/edh/inschrift/HD071353	50.9146991	-1.3603172			
EDCS-60100007	RRMAM-02-01, 00505 = RRMAM-03-03, 00068a	Cappadocia	Alisli Burun	222	222	Augusti/Augustae; miliaria; tituli operum; viri	"Imp(erator) C[a]/esar M(arcus) Au/relius Sever/us Alexande/r Pius Fe[l]ix A/ug(ustus) trib(unicia) po/test(ate) co(n)s(ul) / p(ater) p(atriae) vias et po/ntes vetus/tate conlaps/as restituit // 
material: lapis"		38.690314	34.844085		GR	http://db.edcs.eu/epigr/bilder.php?bilder.php?bild=$RRMAM-03-03_00068a.jpg
EDCS-60100010	RRMAM-02-01, 00508 = RRMAM-03-03, 00068d	Cappadocia	Alisli Burun	244	247	Augusti/Augustae; miliaria; ordo senatorius; tituli operum; tria nomina; viri	"Imp(erator) / Caes(ar) M(arcus) Iu[lius] Philip[pus] / [P]ius Fel[ix In]/[v]ictus A[ug(ustus) et M(arcus) / Iulius Philip[pus] / nobilissimu[s] / [C]aesar [v]i[as et] / [p]ontes [v]et[u]/state conlap/sas restituer/unt per Anton/ium Memmi/um Hieronem / v(irum) c(larissimum) [l]eg(atum) Aug(usti) / pr(o) pr(aetore) // 
material: lapis"		38.690314	34.844085		GR	
EDCS-09301262	RRMAM-02-01, 00858 = RRMAM-03-03, 00002 = Epigraphica-1977-169 = AE 1977, 00814	Cappadocia	Belkuyu / Belkugu	236	238	Augusti/Augustae; miliaria; tituli operum; viri	"Imperator / Caesar Gaius / Iulius Verus / Maximinus / Pius Felix Invi/ctus Aug(ustus) et Ga/ius Iulius Ver/us Maximus no/bilissimus Cae/sar vias e(t) pontes / vetustate c<o=U>n/lapsas {asas} res/[ti]tuerunt pe[r] / [
material: lapis"	http://db.edcs.eu/epigr/partner.php?s_language=en&param=HD020833 | https://edh-www.adw.uni-heidelberg.de/edh/inschrift/HD020833	37.3331125	32.4214965			http://db.edcs.eu/epigr/bilder.php?bilder.php?bild=$Epigraphica_1977_169.jpg
EDCS-60300374	RMMAM-02-01, 00720 = RRMAM-03-03, 00119b = RRMAM-03-08, p 5	Cappadocia	Cagilhan	244	247	Augusti/Augustae; miliaria; ordo senatorius; tituli operum; tria nomina; viri	"[Imp(erator) Caes(ar) Marcus Iul(ius) Philippus Pius Felix Invictus] / Aug(ustus) et M(arcus) / Iul(ius) Philippus / nobilissimus Cae/sar vias et po/ntes vetustate / conlapsas res/tituerunt / per (A)nton[ium] / Memm[ium H]/iero/nem leg(atum) [Aug(ustorum)] / pr(o) pr(aetore) / m(ilia) // 
material: lapis"		38.2062115	36.9852865		GR	
EDCS-60300373	RRMAM-02-01, 00719 = RRMAM-03-03, 00119a	Cappadocia	Cagilhan	222	222	Augusti/Augustae; miliaria; tituli operum; viri	"[Imp(erator) Caesar] / [M(arcus) Aurelius Se]/verus [Alexander] / Pius Felix Aug(ustus) [trib(unicia)] / potest(ate) co(n)s(ul) [p(ater) p(atriae)] / vias et pontes ve/t{t}ustate con/lapsas resti/tuit / m(ilia) // 
material: lapis"		38.2062115	36.9852865		GR	
EDCS-75300315	AE 2016, 01745	Cappadocia	Cakirlar / Elemanli / Comana / Hierapolis	236	238	Augusti/Augustae; litterae erasae; miliaria; ordo senatorius; tria nomina; viri	"[Imp(erator)] / [Caesar C(aius) Iulius] / [Verus Maximinus] / [Pius Felix Invic]tus Aug(ustus) / [et] G(aius!) Iul[i]us Verus Maxim[us] / nobili[ss]imus Caesar / vias et pontes vetustate conla<p=B>sas [r]es/tituerunt [[per Licin]]/[[nium Serenianum]] / [leg(atum)] Augg(ustorum) <pr=RB>(o) p<r=B>(aetore) / [m(ilia) p(assuum)] / [CLVII] // []
material: lapis"		38.3338793	36.2940702		GR	
EDCS-60200009	RRMAM-02-01, 00015 = RRMAM-03-03, 00076	Cappadocia	Cakirlar / Elemanli / Comana / Hierapolis	222	222	Augusti/Augustae; miliaria; tituli operum; viri	"[Imp(erator)] / Caesar / M(arcus) Aurelius S/everus Alexa/nder Pius [Fe]/lix Aug(ustus) trib(unicia) / potest(ate) p(ater) / p(atriae) vias et [pont]/es vetu[state co]/nlapsas [restitu]/it // 
material: lapis"		38.3338793	36.2940702		GR	http://db.edcs.eu/epigr/bilder.php?bilder.php?bild=$RRMAM-03-03_00076.jpg
EDCS-60200012	RRMAM-02-01, 00017 = RRMAM-03-03, 00078b	Cappadocia	Cakirlar / Elemanli / Comana / Hierapolis	244	305	Augusti/Augustae; miliaria; ordo senatorius; tituli operum; tria nomina; viri	"Imp(erator) / Caesar / [M(arcus)] Iul(ius) Philipp/us Pius Fel(ix) / Invictus Aug(ustus) / [et M(arcus) Iul(ius) Phil]/ippus [nobiliss]imu[s] / Ca[esar vias et] po/nt[es vetust]ate / conlapsas resti/tuerunt per An/tonium Memm/ium Hieronem / v(irum) c(larissimum) leg(atum) Aug(usti) / pr(o) pr(aetore) //  // ] / Gal(erio) Val(erio) / Maximiano / nobil(issimo) Caes(ari) / [
material: lapis"		38.3338793	36.2940702		GR	
EDCS-60200037	RRMAM-02-01, 00515 = RRMAM-03-03, 00091	Cappadocia	Dayoluk / Dayolik / Comana / Hierapolis	238	238	Augusti/Augustae; miliaria; tituli operum; viri	"[Imp(erator) Caes(ar)] / [M(arcus) Aurelius] / [Severus Alexa]/nder P(ius) / Au(gustus) t[rib(unicia) po]/test(ate) co(n)s(ul) p(ater) p(atriae) / vias et pontes v/etustate conlap/sas restituit // 
material: lapis"		38.3320454	36.4631619		GR	
EDCS-60100015	RRMAM-02-01, 00518 = RRMAM-03-03, 00070c	Cappadocia	Degirmentas / Comana / Hierapolis	222	235	miliaria; tituli operum	"vias et] / [pontes vetus]/tate conlaps/[a]s restituit // 
material: lapis"		38.4377131	36.3372887		GR	
EDCS-60100023	RRMAM-02-01, 00526 = RRMAM-03-03, 00072e	Cappadocia	Degirmentas / Comana / Hierapolis	222	222	Augusti/Augustae; miliaria; tituli operum; viri	"[Imp(erator)] Caesa/r M(arcus) Aurelius / Severus Ale/xander Pius / Felix Aug(ustus) tri/b(unicia) potest(ate) c/o(n)s(ul) p(ater) p(atriae) vias / et pontes ve/tustate con/lapsas resti/tuit // 
material: lapis"		38.4377131	36.3372887		GR	http://db.edcs.eu/epigr/bilder.php?bilder.php?bild=$RRMAM-03-03_00072e.jpg
EDCS-60200046	RRMAM-02-01, 00722 = RRMAM-03-03, 00094a	Cappadocia	Dogankonak / Haydan	236	238	Augusti/Augustae; litterae erasae; miliaria; ordo senatorius; tituli operum; tria nomina; viri	"nobilissi]/mus [Caesar vias] / et pontes vet[us]/tate conlapsas / restituerunt / per [[[Licinnium]]] / [[[Serenianum]]] / leg(atum) Augg(ustorum) pr(o) pr(aetore) / CXL[III] // 
material: lapis"		38.2529151	36.4270876		GR	http://db.edcs.eu/epigr/bilder.php?bilder.php?bild=$RRMAM-03-03_00094a.jpg
EDCS-60200048	RRMAM-02-01, 00724 = RRMAM-03-03, 00094c	Cappadocia	Dogankonak / Haydan	244	247	miliaria; ordo senatorius; tituli operum; tria nomina; viri	"] / v[ias et pontes v]etus/ta[te conlaps]as resti/[tu]eru[nt per A]nto/nium Memmium Hiero/nem v(irum) c(larissimum) leg(atum) Aug(usti) pr(o) pr(aetore) // 
material: lapis"		38.2529151	36.4270876		GR	http://db.edcs.eu/epigr/bilder.php?bilder.php?bild=$RRMAM-03-03_00094c.jpg
EDCS-28501104	CIL 03, 06933 = RRMAM-02-01, 00752 = RRMAM-03-03, 00104c	Cappadocia	Goksun / Guksun / Cucusus	236	305	Augusti/Augustae; litterae erasae; miliaria; ordo senatorius; tituli operum; tria nomina; viri	"Imp(erator) / Caesar G(aius!) Iul(ius) / Verus Maximinu[s] / [6] / [6] / [6] / [6] / nobilissimus Caes[ar] / vias et pontes vetu/state conla<p=B>sas res/tituerunt / per [[[Licinnium]]] / [[[Serenianum]]] leg(atum) / Augg(ustorum) pr(o) pr(aetore) / CXLI //  // Imp(eratori) Caes(ari) / Gaio Val(erio) / Diocletiano / P(io) F(elici) Invicto Au[g(usto)] / [
material: lapis"		38.020382	36.494869		GR	http://db.edcs.eu/epigr/bilder.php?bilder.php?bild=$RRMAM-03-03_00104c.jpg
EDCS-60300352	CIL 03, 06939 = CIL 03, 12187 = RRMAM-02-01, 00755 = RRMAM-03-03, 00104f	Cappadocia	Goksun / Guksun / Cucusus	218	222	Augusti/Augustae; miliaria; tituli operum; viri	"Imp(erator) Cae[s(ar)] / [divi Severi nep(os)] / [divi M(arci) Antonini] / [fil(ius) M(arcus)] Aureli[us] / [Antoni]n[us] / [Pius Felix] / [I]nv[ict(us) Aug(ustus)] / [ Imp(erator) Cae[s(ar)] / [M(arcus)] [Aure]lius S/[everus Alex]/[ander Pius] / Fe[lix Aug(ustus)] / trib(unicia) po[test(ate)] / co(n)s(ul) p(ater) p(atriae) vias et pon/tes vet{t}usta[te co]/nlapsas restitu/it // 
material: lapis"		38.020382	36.494869		GR	http://db.edcs.eu/epigr/bilder.php?bilder.php?bild=$RRMAM-03-03_00104f.jpg
EDCS-60300350	CIL 03, 12192 = RRMAM-02-01, 00764 = RRMAM-03-03, 00106a	Cappadocia	Goksun / Guksun / Cucusus	244	247	Augusti/Augustae; miliaria; ordo senatorius; tituli operum; tria nomina; viri	"[Imp(erator) Caes(ar)] / [Marc]us Iu[l(ius) Phil]/[ippus Piu]s F[elix In]/[victus A]u[g(ustus)] et [Marcus] / [Iul(ius) Phili]p[pus nobili]/[ss]i[mu]s [Caesar vias] / [et p]o[ntes vetustate] / conl[a]psa[s rest]/[itueru]nt per [Anton]/[ium] Memmium [Hieronem] / leg(atum) Au[g(usti)] / pr(o) pr(aetore) / [
material: lapis"		38.020382	36.494869			
EDCS-28501089	CIL 03, 06914 = RRMAM-02-01, 00781 = RRMAM-03-03, 00108a = AE 1888, 00182	Cappadocia	Kanlikavak	244	247	Augusti/Augustae; miliaria; ordo senatorius; tituli operum; tria nomina; viri	"] / [Ma]rcus [Iulius] / [Philippus] nobi[lis]sim[us] / [Caes]ar vias et pon/t[e]s vetustate / conlapsas restituer/[un]t per Antonium / [M]emmium Hieronem / v(irum) c(larissimum) leg(atum) Augg(ustorum) / pr(o) pr(aetore) / [
material: lapis"		38.1185622	36.6098805			http://db.edcs.eu/epigr/bilder.php?bilder.php?bild=$RRMAM-03-03_00108a.jpg
EDCS-28501090	CIL 03, 06915 = CIL 03, 06916 = RRMAM-02-01, 00790 = RRMAM-03-03, 00108j	Cappadocia	Kanlikavak	244	305	Augusti/Augustae; miliaria; ordo senatorius; tituli operum; tria nomina	"Im/p(erator) Caes(ar) Ma/rcus Iul(ius) P/hilippus Piu/s Felix Invi/ctus Aug(ustus) e/t Marcus / Iulius Phi/lippus no/bilissimus / Caesar via/s et ponte/[s] vetusta/[te co]nlapsas / [resti]tuer/[unt pe]r A/[ntonium] / [Memmium] / [Hieronem] / [v(irum) c(larissimum) leg(atum) Aug(usti)] / [pr(o) pr(aetore)] / [ // Impp(eratoribus) CC(aesaribus) C(aio) Aur(elio) / Diocletiano / et M(arco) Aur(elio) Val(erio) / Maximiano / PP(iis) FF(elicibus) Invi(ctis) Aug(ustis) / [et Fla]vi(o) Val(erio) / Constantio / et Gal(erio)] [V]a[l]e(rio) / Maximiano / nobb(ilisimis) Caess(aribus)
material: lapis"		38.1185622	36.6098805			
EDCS-28501092	CIL 03, 06918 = CIL 03, 06919 = CIL 03, 06920 = RRMAM-02-01, 00792 = RRMAM-03-03, 00108l = AE 1888, 00183	Cappadocia	Kanlikavak	218	305	Augusti/Augustae; miliaria; ordo senatorius; tituli operum; tria nomina; viri	"] / [milia] / restituta / [p]er M(arcum) Ulp(ium) / Ofellium / Theodoru/m leg(atum) Aug(usti) / pr(o) pr(aetore) //  // Imp(erator) Ca/esar G(aius!) Vi<b=V>ius Trebo/n(ianus) Gallus et Imp(erator) Caes/ar G(aius!) Vi<b=V>ius Veldum{i}/nianus Volusianu[s] / Pii Felic(es) Invicti Augg(usti) vias / et pontes vetustate con/lapsas restituerunt per A(ulum) / Vergilium Maximum v(irum) c(larissimum) / [leg(atum) A]ugg(ustorum) pr(o) pr(aetore) / [ // Impp(eratoribus) CC(aesaribus) / Diocletiano / et M(arco) Aur(elio) V(a)le(rio) / Maximiano / PP(iis) FF(elicibus) Invi(ctis) Aug(ustis) / et Flavi(o) Val(erio) / Constantio / et Gal(erio) Val(erio) / Maximiano / nobb(ilissimis) Caess(aribus)
material: lapis"		38.1185622	36.6098805		GR	
EDCS-60300335	CIL 03, 06944 = CIL 03, 12194 = RRMAM-02-01, 00817 = RRMAM-03-03, 00103a = RRMAM-03-08, p 5	Cappadocia	Keklikoluk / Siricis	244	305	Augusti/Augustae; miliaria; ordo senatorius; tituli operum; tria nomina; viri	"[I]mp(erator) Cae[s]/[ar Marcus Iul(ius)] / Philippus Piu[s Felix] / Inv[i]c[t]us [Augustus et] / [Marc]us Iuli[us Philippus] / nobilis[simus Caes]ar / vias [et pontes ve]tus/tate co[nlapsas res]tit/uerunt p[er Antoniu]m Me/mmium Hie[ro]nem v(irum) c(larissimum) leg(atum) / A[ugg(ustorum) pr(o) pr(aetore)] / [ // Imp(eratoribus) CCC(aesaribus) 3] / Diocletiano [3] / P(iis) F(elicibus) 3] / [3] Augg(ustis) [
material: lapis"		38.2034672	36.4600792			
EDCS-28501115	CIL 03, 06946 = IKomana 00010 = RRMAM-02-01, 00806 = RRMAM-03-03, 00098a	Cappadocia	Keklikoluk / Siricis	244	247	Augusti/Augustae; miliaria; ordo senatorius; tria nomina; viri	"[Imp(erator)] / Cae[s]/ar Marcu[s Iul(ius)] / Philippus Pius F[elix] / [I]nvictus Aug(ustus) [et] / [M]arcus Iul(ius) Philipp[us] / [no]bilissimus Caes[ar] / [vi]as et pontes vet[us]/[t]ate conlapsas res[t]/[itueru]nt per Anton[i]u[m] / [Mem]mium Hieronem / [v(irum) c(larissimum) l]eg(atum) Augg(ustorum!) pr(o) / pr(aetore) / [
material: lapis"		38.2034672	36.4600792			
EDCS-31200802	CIL 03, 12196 = RRMAM-02-01, 00810 = RRMAM-03-03, 00100b	Cappadocia	Keklikoluk / Siricis	251	253	Augusti/Augustae; miliaria; ordo senatorius; tituli operum; tria nomina; viri	"Im[p(erator)] / Cae[sar] / [C(aius)] Vi<b=V>i[us Trebo]/n[ianus] Gal[lus] / e[t I]mp(erator) [Caesar] / [C(aius)] Vi<b=V>ius / [V]el<dum=MU>n[ia]/[n]us Volu[sia]/[n]us Pii Felic(es) I[n]/[victi] Aug[g(usti) vias] / [e]t pontes [vet]/ustate con[l]/apsas restitu[e]/runt per A(ulum) V[irgilium] / Maximum [v(irum) c(larissimum)] / [leg(atum)] Aug[g(ustorum)] pr(o) [pr(aetore)] / [
material: lapis"		38.2034672	36.4600792			
EDCS-28501123	CIL 03, 06954 = CIL 03, 12211 = IKomana 00032 = RRMAM-02-01, 00545 = RRMAM-03-03, 00087a	Cappadocia	Kemer / Kamer / Comana / Hierapolis	222	222	Augusti/Augustae; miliaria; tituli operum; viri	"Imp(erator) Caes/ar M(arcus) Aur/elius Sever[us] / Alexand/er Pius Felix / Aug(ustus) trib(unicia) [po]/test(ate) co(n)s(ul) p(ater) p(atriae) / via[s] et po/[n]tes vet<u=O>sta/te conlapsa/s restitu(i)t // 
material: lapis"		38.3523134	36.4312736		GR	
EDCS-31200805	CIL 03, 12199 = IKomana 00024 = RRMAM-02-01, 00553 = RRMAM-03-03, 00089c	Cappadocia	Kemer / Kamer / Comana / Hierapolis	244	247	Augusti/Augustae; miliaria; ordo senatorius; tituli operum; tria nomina; viri	"[Imp(erator) Caes(ar)] / [Marcus Iul(ius) Phi]/[lippus Pius Fe]/[lix Invictus Aug(ustus)] / [et Marcus Iul(ius)] / [Philippus nobil(issimus) Ca]/es[ar] via[s et] / [po]ntes v[etust]/ate conla[ps]/as restituer/unt per Ant[o]/n[i]um Memm/ium Hieronem / v(irum) c(larissimum) leg(atum) Aug(usti) / pr(o) pr(aetore) // 
material: lapis"		38.3523134	36.4312736		GR	http://db.edcs.eu/epigr/bilder.php?bilder.php?bild=$RRMAM-03-03_00089c_1.jpg;$RRMAM-03-03_00089c_2.jpg
EDCS-31200812	CIL 03, 12206 = IKomana 00031 = RRMAM-02-01, 00547 = RRMAM-03-03, 00088a	Cappadocia	Kemer / Kamer / Comana / Hierapolis	244	247	Augusti/Augustae; miliaria; ordo senatorius; tituli operum; tria nomina; viri	"Imp(erator) [Caesar] / [Marc]us [Iul(ius) Phil]/[ipp]us Pius [Felix] / Invictus Aug(ustus) / [et Marcus Iul]ius / [Philippus nobili]ssi[mus] / [Caesar vi]a[s] e[t] pont[e]s / v[etust]ate [con]/lapsas restitu[erunt] / [per Antonium Memmium] / [Hier]one[m] le[g(atum) Aug(usti)] / [pro prae]to[re] / [
material: lapis"		38.3523134	36.4312736			
EDCS-28501112	CIL 03, 06942 = CIL 03, 06943 = RRMAM-02-01, 00818 = RRMAM-03-03, 00103b	Cappadocia	Mehemet	244	305	Augusti/Augustae; miliaria; ordo senatorius; tituli operum; tria nomina; viri	"Imp(erator) Caes/ar Marcus / [I]ul(ius) Philippus Piu/[s] Felix Invictus / Aug(ustus) et Marcus Iul(ius) / [P]hilippus nobilissi/[m]us Caesar vias / [et] pontes vetus/[tat]e conlapsas r/[es]tituer(unt) per An/[ton]ium Memmium Hie/[ron]em v(irum) c(larissimum) [leg(atum) Aug(usti)] / [pr(o) pr(aetore)] / [ // ] / et F(lavio) Val(erio) / Constantio / nob(ilissimis) Ca[e]/ss(aribus) [
material: lapis"						http://db.edcs.eu/epigr/bilder.php?bilder.php?bild=$RRMAM-03-03_00103b.jpg
EDCS-36500067	CIL 03, 06955 = CIL 03, 12212 = IKomana 00035 = RRMAM-02-01, 00561 = RRMAM-03-03, 00085c	Cappadocia	Mollahuseyin / Comana / Hierapolis	244	305	Augusti/Augustae; miliaria; ordo senatorius; tituli operum; tria nomina; viri	"Gal(erio) Val(erio) / Maximiano / [n]obil(issimo) C[aes(ari)] / [ // ] vias et pontes / vetustate / conlapsas / restituerunt / per Antonium / Memmium / Hieronem v(irum) c(larissimum) leg(atum) / Aug(usti) pr(o) pr(aetore) // 
material: lapis"		39.7198381	42.5939284		GR	
EDCS-60200029	RRMAM-02-01, 00563 = RRMAM-03-03, 00085d	Cappadocia	Mollahuseyin / Comana / Hierapolis	236	238	Augusti/Augustae; litterae erasae; miliaria; ordo senatorius; tituli operum; tria nomina; viri	"Imp(erator) / Caesar G(aius!) Iul(ius) / Verus Maximinus / Pius F[elix Inv]ictus / Aug(ustus) et G(aius!) Iulius Verus / [Ma]ximus nobilis/simus Caesar vias / et pontes vetusta/te conla<p=B>sas res/[tit]uerunt / per [[[Licinnium]]] / [[[Serenianum]]] / [leg(atum)] Aug{g}(usti) pr(o) pr(aetore) / [
material: lapis"		39.7198381	42.5939284			
EDCS-28501081	CIL 03, 06906 = CIL 03, 12169 = RRMAM-02-01, 00779 = RRMAM-03-03, 00118c	Cappadocia	Ordekkoy / Arabissus	218	222	Augusti/Augustae; miliaria; tituli operum; viri	"Imp(erator) Caes(ar) / M(arcus) Aurelius Se/verus Alexander / Pius Felix Aug(ustus) tr/ib(unicia) potest(ate) co(n)s(ul) / p(ater) p(atriae) vias et pont/es vet{t}ustate / [co]nlapsas rest/[itu]it / [
material: lapis"		38.201031	36.868664			
EDCS-05200630	RRMAM-02-01, 00821 = RRMAM-03-03, 00114 = AE 1986, 00690 = AE 1990, 00982	Cappadocia	Ordekkoy / Arabissus	222	235	Augusti/Augustae; miliaria; ordo senatorius; tituli operum; tria nomina; viri	"p]on[t(ifex) max(imus) trib(unicia) pot(estate) 3] / cons(ul) p(ater) p(atriae) [vias et pontes] / vetustate c[onlapsas] / restituit mi[liaria re]/stituta per Q(uintum) Iul(ium) [3]/anum leg(atum) Aug(usti) pr(o) [pr(aetore)] / m(ilia) p(assuum) CIIII
material: lapis"	http://db.edcs.eu/epigr/partner.php?s_language=en&param=HD025056;HD006424 | https://edh-www.adw.uni-heidelberg.de/edh/inschrift/HD025056	38.201031	36.868664			
EDCS-05300154	IK-55-01, 00132 = RRMAM-01, 00061 = RRMAM-02-01, 00026 = RRMAM-03-03, 00166 = AE 1969/70, 00607	Cappadocia	Pozanti / Podandus / Tyana	216	217	Augusti/Augustae; miliaria; tituli operum; viri	"[Imp(erator) Caes(ar)] / [M(arcus) Aurelius Severus Antoninus] / [Pius Feli]x {C} A[ug(ustus) Parth(icus) max(imus)] / [Brit(annicus) m]ax(imus) Ger[m(anicus) max(imus)] pontif(ex) / [max(imus) tr]ib(unicia) potest(ate) XX imp(erator) III co(n)sul IIII / [proco(n)]s(ul) p(ater) p(atriae) viam Tauri vetustate / [conl]apsam conplanatis monti/[bus e]t caesis rupibus ac dilata/[tis i]tineribus cum pontibus / institutis restituit / a Pylas(!) m(ilia) p(assuum) XV // 
material: lapis"	http://db.edcs.eu/epigr/partner.php?s_language=en&param=CO0008001;HD012343 | https://edh-www.adw.uni-heidelberg.de/edh/inschrift/HD012343 | http://cil.bbaw.de/dateien/cil_view.php?KO=KO0008001	37.4226958	34.8725026		GR	http://db.edcs.eu/epigr/bilder.php?bilder.php?bild=$RRMAM-03-03_00166.jpg;$AE_1969-70_00607.jpg
EDCS-60200001	RRMAM-02-01, 00531 = RRMAM-03-03, 00075b	Cappadocia	Sariz / Imirzaga	244	247	Augusti/Augustae; miliaria; ordo senatorius; tituli operum; tria nomina; viri	"[Imp(erator) Caes(ar)] / Marcus Iul[ius] / Philippu[s Pius] / [Felix Invictu]s / [A]ug(ustus) [et Marcus Iu]liu[s] / [Philippus n]obi/[lissimus Caesar] / vias et [pontes] ve/tusta[te conlaps]/[as] restitu[erunt] / per An[tonium Mem]/[mium Hieronem] / [leg(atum) Aug(usti) pr(o) pr(aetore)] / [LVIII ]
material: lapis"		38.4802377	36.4970264		GR	
EDCS-60200007	RRMAM-02-01, 00538 = RRMAM-03-03, 00075h	Cappadocia	Sariz / Imirzaga	222	222	Augusti/Augustae; miliaria; tituli operum; viri	"Imp(erator) Caesar / M(arcus) Aurelius S/everus Alexa/nder Pius Fe/lix Aug(ustus) trib(unicia) / potest(ate) co(n)s(ul) / p(ater) p(atriae) vias et pon/tes vetustate co/nlapsas restitu/it // 
material: lapis"		38.4802377	36.4970264		GR	
EDCS-28501116	CIL 03, 06947 = IKomana 00012 = RRMAM-02-01, 00570 = RRMAM-03-03, 00093a	Cappadocia	Yesilkent / Yalak / Comana / Hierapolis	244	247	Augusti/Augustae; miliaria; ordo senatorius; tituli operum; tria nomina; viri	"[Imp(erator) Caesar] / [Marcus Iul(ius) Phi]/[lippus Pius] / [Felix Invic]/[tus Aug(ustus) et] / Marc[us Iul(ius) Phi]/lippus n[obili]/ssimus Cae/sar vias e[t p]/ontes ve[tu]/state conl[a]/psas r[e]st[i]t[u]/erunt [per Ant]/onium M[emm]/ium Hie[rone]/m v(irum) c(larissimum) [leg(atum)] / Aug(usti) [pr(o) pr(aetore)] / [
material: lapis"		38.295966	36.4355095			
EDCS-60200041	RRMAM-02-01, 00573 = RRMAM-03-03, 00093d	Cappadocia	Yesilkent / Yalak / Comana / Hierapolis	244	305	Augusti/Augustae; miliaria; tituli operum; viri	"Imp(erator) / Caes(ar) Ma/rc<us=O> / Iul(ius) Philip/pus Pius Feli/x [3] / [6] / [3 nobilis]/simus Caesar vias / et pontes ve/tustate conl/apsas rest[it]ue[r]/unt pe[r // ] / Gal(erio) Val(erio) / Maximiano / nobil(issimo) Caes(ari) / [
material: lapis"		38.295966	36.4355095			
EDCS-60200044	RRMAM-03-03, 00093g = AE 2012, 01715	Cappadocia	Yesilkent / Yalak / Comana / Hierapolis	244	247	Augusti/Augustae; miliaria; ordo senatorius; tituli operum; tria nomina; viri	"Imp(erator) [Caes(ar)] / [Marcu]s Iul(ius) P[hilippus] / [Pius Felix] In[victus Aug(ustus)] / [et Marc]us [Iul(ius) Philippus] / [nobili]ssimus Caesar / vias et pontes vet/[ustat]e conlapsa[s] / [restitu]erunt / [per Antonium Mem]/[mium Hieronem v(irum) c(larissimum)] / [leg(atum) Aug(usti)] pr(o) pr(aetore) / CXLV // 
material: lapis"		38.295966	36.4355095		GR	
EDCS-32300086	CIL 03, 14333,09 = CIL 17-04, 00240	Dalmatia	Ivosevci / Burnum	253	260	Augusti/Augustae; miliaria; tituli operum; viri	"Imp(eratori) [Caes(ari)] / P(ublio) Lici[n(io) Valer(iano)] / Pio F[el(ici) Aug(usto) p(ontifici) m(aximo)] / trib(unicia) p[ot(estate) co(n)s(uli) et] / Imp(eratori) [Caes(ari) P(ublio) Licin(io)] / Ga[llieno Aug(usto)] / vi[as et pontes] / [vetustate] / [conlapsas] / [restituerunt]
material: lapis"	http://db.edcs.eu/epigr/partner.php?s_language=en&param=HD058127;lu_23031 | https://edh-www.adw.uni-heidelberg.de/edh/inschrift/HD058127	44.0160408	16.0072244			http://db.edcs.eu/epigr/bilder.php?bilder.php?bild=pp
EDCS-57000120	RRMAM-03-02, 00062 = AE 2012, 01561	Galatia	Bolatcik	222	223	Augusti/Augustae; miliaria; ordo senatorius; tituli operum; tria nomina; viri	"Imp(erator) Caesar Pius Felix Aug(ustus) / M(arcus) Aur(elius) Seve/rus Alexan/der nobil{l}issimu(s) / Caesar viam / vet{t}u(s)t{t}ate / conlapsam / restituit per / Asin{n}ium Le/pidum leg(atum) / Aug(usti) pr(o) pr(aetore)
material: lapis"		40.1122312	35.011062			http://db.edcs.eu/epigr/bilder.php?bilder.php?bild=$RRMAM-03-02_00062.jpg
EDCS-31200793	CIL 03, 12184 = RRMAM-02-01, 00797 = RRMAM-03-03, 00108q	Galatia	Kavak / Lystra			miliaria; ordo senatorius; tituli operum; tria nomina; viri	"] / [vias et pon]t[es vetus]/[tate co]n[l]aps[as] / [resti]tu[er]unt [per A(ulum)] / [Vir]gil[ium Maxi]/mum [virum] c[lari]s[simum] / l[e]g(atum) Augg(ustorum) / pr(o) pr(aetore) / [
material: lapis"		37.5598544	32.4498365			
EDCS-09500302	CIL 17-02, 00135 = CIL 12, 05534 = IR-01, 00024 = RISch-03, 00319 = CAG-01, p 79 = CAG-01-02, p 292	Gallia Narbonensis	Prevessin-Moens	235	238	Augusti/Augustae; miliaria; tituli operum; viri	"Imp(erator) Caes(ar) / [C(aius)] Iul(ius) Maximinus / Aug(ustus) et C(aius) Iul(ius) / Maximus nobil(issimus) / [C]aes(ar) pontes et / vias vetustat(e) / conla<p=B>s(as) rest(ituerunt) / col(onia) Eq(uestri) m(ilia) p(assuum) III
material: lapis"	http://db.edcs.eu/epigr/partner.php?s_language=en&param=CO0000445 | http://cil.bbaw.de/dateien/cil_view.php?KO=KO0000445	46.257389	6.0873747			http://db.edcs.eu/epigr/bilder.php?bilder.php?bild=$RISch-03_00319_1.jpg;$RISch-03_00319_2.jpg;PH0000372
EDCS-03000679	AE 1996, 01141	Germania superior	Augst / Augusta Raurica	213	213		[Imp(erator) Caes(ar) M(arcus) Aur(elius)] / [Antoninus Pius Fe]l(ix) / [Au]g(ustus) [P]a[rth]i/[cus maximus B]ritan/[nicus maximus pontifex] maximus / [trib(unicia) pot(estate) XVI imp(erator) II c]o(n)s(ul) IIII / [proco(n)s(ul) fortissimus fe]licissimusq(ue) / [Magn(us) princeps pacato]r orbis / [vias et pontes vetustate] conla<p=B>[s]a[s / [restituit]	http://db.edcs.eu/epigr/partner.php?s_language=en&param=HD050343 | https://edh-www.adw.uni-heidelberg.de/edh/inschrift/HD050343	47.5338077	7.7206018			
EDCS-09500296	CIL 17-02, 00129 = CIL 13, 09057 = IR-01, 00030	Germania superior	Dully	238	244	Augusti/Augustae; miliaria; tituli operum; viri	"Imp(erator) Caes(ar) / [M(arcus)] Antonius / [Go]rdianu[s] / Pius [Felix] Aug(ustus) / pon[tif(ex)] max(imus) trib(unicia) / potest(ate) III c[o(n)s(ul)] p(ater) [p(atriae)] / vias e[t] pontes ve/tust(ate) conla<p=B>s(os) rest(ituit) / m(ilia) [p(assuum)] VI
material: lapis"		46.4304617	6.2957383			
EDCS-09500297	CIL 17-02, 00130 = CIL 13, 09058 = IR-01, 00029 = EpHel 2019, +00030	Germania superior	Dully	235	238	Augusti/Augustae; litterae erasae; miliaria; tituli operum; viri	"[[Imp(erator) [Caes(ar) C(aius)] Iul(ius)]] / [[Maximinus [P(ius) F(elix) A(ugustus)] e[t]]] / [[C(aius) Iuli(us) Maxi[mu]s nobiliss(imus) Caes(ar)]] pon/tes et vias vetust(ate) / conla<p=B>s(as) restit(uerunt) / col(onia) Equ(estri) m(ilia) p(assuum) VII
material: lapis"	http://db.edcs.eu/epigr/partner.php?s_language=en&param=CO0053595 | http://cil.bbaw.de/dateien/cil_view.php?KO=KO0053595	46.4304617	6.2957383			http://db.edcs.eu/epigr/bilder.php?bilder.php?bild=$TR_CIL_13_09058_1.jpg;$TR_CIL_13_09058_2.jpg;$TR_CIL_13_09058_3.jpg;$TR_CIL_13_09058_4.jpg;$TR_CIL_13_09058_5.jpg;$TR_CIL_13_09058_6.jpg;$TR_CIL_13_09058_7.jpg;$TR_CIL_13_09058_8.jpg;$TR_CIL_13_09058_9.jpg;$TR_CIL_13_09058_10.jpg
EDCS-09500294	CIL 17-02, 00127 = CIL 13, 09059 = IR-01, 00032	Germania superior	Lavigny-CH	240	240	Augusti/Augustae; miliaria; tituli operum; viri	"Imp(erator) Caes(ar) / M(arcus) Antonius / Gordianus / Pius Felix Aug(ustus) / pontif(ex) max(imus) [tr(ibunicia)] / potest(ate) III co(n)[s(ul) p(ater) p(atriae)] / vias et pon[tes ve]/tust(ate) conla[ps(os) rest(ituit)] / m(ilia) p(assuum) XII
material: lapis"		46.5011843	6.4045912			http://db.edcs.eu/epigr/bilder.php?bilder.php?bild=$TR_CIL_13_09059_1.jpg;$TR_CIL_13_09059_2.jpg;$TR_CIL_13_09059_3.jpg;$TR_CIL_13_09059_4.jpg;$TR_CIL_13_09059_5.jpg;$TR_CIL_13_09059_6.jpg;$TR_CIL_13_09059_7.jpg;$TR_CIL_13_09059_8.jpg;$TR_CIL_13_09059_9.jpg
EDCS-10301635	CIL 17-01, 00161 = IRMusNav 00008 = MiliariTarrac 00106	Hispania citerior	?	238	238	Augusti/Augustae; miliaria; ordo senatorius; viri	"[I]mp(erator) Caes(ar) G(aius!) Iu[l(ius) Verus] / Maximinus P(ius) F(elix) Au[g(ustus) Germ(anicus)] / max(imus) Part(hicus) max(imus) Sarm(aticus) [max(imus) pont(ifex)] / [m]ax(imus) tribunic(ia) potes(tate) [V(!) imp(erator) VII p(ater) p(atriae) co(n)s(ul)] / [pr]oco(n)s(ul) et G(aius!) Iul(ius) Verus [Maximus nob(ilissimus)] / [Ca]es(ar) Germ(anicus) max(imus) Da[c(icus) max(imus) Sarm(aticus)] / max(imus) princeps iu[ventutis f(ilius) d(omini)] / nostri G(ai!) Iul(i) Ve[ri Maximini] / [P(ii)] F(elicis) Aug(usti) vias e[t pontes tem]/[po]r(is) vetust(ate) conl[ap(sos) restit(uerunt)] / [a]gent(e) Q(uinto) Decio leg(ato) [Augg(ustorum) pr(o) pr(aetore)]
material: lapis"	http://db.edcs.eu/epigr/partner.php?s_language=en&param=A19142;HD041389;CO0118014 | https://edh-www.adw.uni-heidelberg.de/edh/inschrift/HD041389 | http://cil.bbaw.de/dateien/cil_view.php?KO=KO0118014					
EDCS-67100049	CIL 17-01, 00204a	Hispania citerior	Ampudia	236	238	Augusti/Augustae; miliaria; ordo senatorius; praenomen et nomen; tituli operum; viri	"filius] Imp(eratoris) C(a)es(aris) C(ai) I[ul(i)] / [Ve]ri Max[im]i[ni] P(ii) F(elicis) [Aug(usti)] / vias e[t] ponte[s tem]/poris vetusta[te] / [c]onlaps[os restit]/ueru[nt curante] / [Q(uinto) Decio leg(ato) Augg(ustorum) pr(o) pr(aetore)] / [
material: lapis"		41.9148751	-4.7792135			
EDCS-29900420	CIL 17-01, *00021 = MiliariTarrac 00268	Hispania citerior	Avellaneda	238	238	Augusti/Augustae; miliaria; ordo senatorius; viri	"Imp(eratori) Caesari G(aio!) Iu[l]io Vero / Maximino Pio Felici A[ug(usto) G]ermanico / max(imo) Dacico max(imo) Sarmatico max(imo) / pont(ifici) max(imo) trib(unicia) pot(estate) V(!) imp(eratori) VII p(atri) p(atriae) co(n)s(uli) / proco(n)s(uli) / G(aio!) Iulio Vero Max(imo) nob(ilissimo) Caesari / Germanico max(imo) Dacico max(imo) / Sarmatico max(imo) p[r]incipi{i} iu(v)entutis / fil(io) d(omini) n(ostri) / Imp(eratoris) G(ai!) Iuli Veri Maximini P(ii) F(elicis) Aug(usti) / via[s] et pontes tempore vetustatis / conlapsos restituerunt / curan(te) Q(uinto) Decio leg(ato) Augg(ustorum) pr(o) pr(aetore) c(larissimo) viro
material: lapis"		43.2290662	-3.1624366			http://db.edcs.eu/epigr/bilder.php?bilder.php?bild=$MC_MiliariTarrac_00268_1.jpg;$MC_MiliariTarrac_00268_2.jpg;$MC_MiliariTarrac_00268_3.jpg
EDCS-05600122	CIL 02, 04756 (p XLIX, 994) = EE-08-02, p 456 = D 00490 = MiliariHispanico 00134	Hispania citerior	Braga / Bracara Augusta			Augusti/Augustae; miliaria	"Imp(erator) Caes(ar) G(aius!) Iulius / Verus Maximinus P(ius) F(elix) / Aug(ustus) Germanic(us) max(imus) Dacic(us) / max(imus) Sarmatic(us) max(imus) pont(ifex) / max(imus) trib(uniciae) potestatis / V imp(erator) VII p(ater) p(atriae) cons(ul) pro/co(n)s(ul) et G(aius!) Iulius Verus / Max(imus) nobilissimus Caesa[r] / Germanic(us) max(imus) Dacic(us) / max(imus) Sarmatic(us) max(imus) princeps / iu(v)entutis filius d(omini) n(ostri) Imp(eratoris) G(ai!) / Iuli Veri Maximini P(ii) F(elicis) Aug(usti) / vias et pontes tempore / vetustatis conlapsos / restituerunt curante Q(uinto) / Decio leg(ato) Augg(ustorum) pr(o) pr(aetore) / a Brac(ara) Aug(usta) m(ilia) p(assuum) I
material: lapis"	http://db.edcs.eu/epigr/partner.php?s_language=en&param=A10295;CO0053166;de_01dessuoft%23page/119/mode/2up | http://cil.bbaw.de/dateien/cil_view.php?KO=KO0053166	41.5510583	-8.4280045			
EDCS-29700358	MiliariHispanico 00015 = HEp 2003/04, 00816	Hispania citerior	Braga / Bracara Augusta			Augusti/Augustae; miliaria	"Maxim]ini P(ii) F(elicis) Aug(usti) via[s et po]ntes / tempore v[etustati]s / conlapsos res[tit]uerunt / curante Q(uinto) [Deci]o leg(ato) [
material: lapis"	http://db.edcs.eu/epigr/partner.php?s_language=en&param=A29049	41.5510583	-8.4280045			
EDCS-05600226	CIL 02, 04858 (p 995) = IRG-04, 00031 = AquaeFlaviae-1997, 00473 = MiliariHispanico 00446	Hispania citerior	Carballa / Aquae Flaviae	238	238	Augusti/Augustae; miliaria	"Imp(erator) Caes(ar) C(aius) Iulius Vero(!) / Maximinus Pius Fel(ix) Aug(ustus) / Germ(anicus) max(imus) Dac(icus) max(imus) Sarm(aticus) max(imus) / pont(ifex) max(imus) trib(unicia) pot(estate) V / imp(erator) VII p(ater) p(atriae) co(n)s(ul) proco(n)s(ul) / et C(aius) Iulius Verus Max(imus) / nobilissimus Caes(ar) German(ic)us / max(imus) Dac(icus) max(imus) Sarm(aticus) max(imus) / [prince]ps iuventutis fil(ius) / d(omini) n(ostri) Imp(eratoris) C(ai) Iuli Veri Maximini / Pius Fel(ix) Aug(ustus) vias et pontes / temporibus vetustate co(n)lapsos / restitui praeceperun(t) / curante Q(uinto) Decio leg(ato) Augg(ustorum) pr(o) [pr(aetore)] / [a] Brac(ara) m(ilia) p(assuum) LXVI
material: lapis"	http://db.edcs.eu/epigr/partner.php?s_language=en&param=A10398	42.580951	-8.9816494			
EDCS-05600238	CIL 02, 04870 = EE-08-02, p 474 = MiliariHispanico 00149	Hispania citerior	Fornelos			Augusti/Augustae; miliaria	"Imp(erator) Caes(ar) C(aius) Iul(ius) Verus / Maximinus P(ius) F(elix) Aug(ustus) Germ(anicus) / max(imus) Dac(icus) max(imus) Sarma(ticus) max(imus) / pont(i)f(ex) max(imus) trib(unicia) pot(estate) V / imp(erator) VII p(ater) p(atriae) co(n)s(ul) proco(n)s(ul) et / C(aius) Iul(ius) Verus Maximus no/bilissimus Caes(ar) Germ(anicus) max(imus) / Dac(icus) max(imus) Sarm(aticus) max(imus) / princ(eps) iuventutis filius / Imp(eratoris) d(omini) n(ostri) C(ai) Iul(i) Veri Maxi/mini P(ii) F(elicis) Aug(usti) vias et / pont(es) tempor<i=E>s vetustatis conlaps(os) / restituerunt / curante Q(uinto) D[ecio] / leg(ato) Augg(ustorum) pr(o) pr(aetore) / a Brac(ara) m(ilia) p(assuum) XVIII
material: lapis"	http://db.edcs.eu/epigr/partner.php?s_language=en&param=A10410	41.5156072	-8.6759376			
EDCS-29700161	HEp 2003/04, 00727 = MiliariHispanico 00130	Hispania citerior	Fuente Encalada / Zamora			Augusti/Augustae; miliaria; ordo senatorius; tituli operum; viri	"vias et p]ontes [temporibus vetustate conlapsos pra]ec[eperunt] / [r]estitu[i] / [c]u[r(ante)] Q(uinto) D[ecio
material: lapis"	http://db.edcs.eu/epigr/partner.php?s_language=en&param=A25341	42.1100414	-5.9964344			
EDCS-05600254	CIL 02, 04886 = CIL 17-01, 00214 = MiliariTarrac 00107 = CIRPBurgos 00587	Hispania citerior	Gijano, iuxta	238	238	Augusti/Augustae; miliaria; ordo senatorius; viri	"Imp(eratori) Caes(ari) G(aio!) Iulio Vero / Maximino Pio Felici Aug(usto) Germanico / max(imo) Dacico max(imo) Sarmatico max(imo) / pont(ifici) max(imo) trib(unicia) pot(estate) V(!) imp(eratori) VII p(atri) p(atriae) co(n)s(uli) / proco(n)s(uli) / G(aio!) Iulio Vero Max(imo) nob(ilissimo) Caesari / Germanico max(imo) Dacico max(imo) / Sarmatico max(imo) principi iuventutis / fil(io) d(omini) n(ostri) / Imp(eratoris) G(ai!) Iuli Veri Maximini P(ii) Fel(icis) Aug(usti) / vias et pontes tempore vetustatis / conlapsos restituerunt / curan(te) Q(uinto) Decio leg(ato) Augg(ustorum) pr(o) pr(aetore) c(larissimo) v(iro)
material: lapis"	http://db.edcs.eu/epigr/partner.php?s_language=en&param=A10426;CO0053177;HD041395 | https://edh-www.adw.uni-heidelberg.de/edh/inschrift/HD041395 | http://cil.bbaw.de/dateien/cil_view.php?KO=KO0053177	43.159889	-3.234056			
EDCS-29100967	AE 1966, 00217	Hispania citerior	La Trinchera				Imp(erator) Caes(ar) C(aius) Iulius Verus Max(iminus) / Pius Aug(ustus) Germ(anicus) max(imus) Dac(icus) max(imus) / Sarm(aticus) max(imus) pont(ifex) max(imus) / imp(erator) IV p(ater) p(atriae) co(n)s(ul) proco(n)s(ul) / et C(aius) Iulius Verus Max(imus) / nobilissimus Caes(ar) / princ<e=I>(eps) iuventutis filius do(mini) n(ostri) Imp(eratoris) C(ai) Iuli Veri / vias et pontes tempor<um=A> / vetustate co(n)laps(os) / restituerunt curante / Q(uinto) L(ucio) Decio leg(ato) pr(o) pr(aetore) Bracara / milia pas(s)u<um=S> XXXVII	http://db.edcs.eu/epigr/partner.php?s_language=en&param=CO0053639;HD015905 | https://edh-www.adw.uni-heidelberg.de/edh/inschrift/HD015905 | http://cil.bbaw.de/dateien/cil_view.php?KO=KO0053639	41.8935624	-8.068343			
EDCS-15100112	AquaeFlaviae-1997, 00476 = MiliariHispanico 00468 = HEp 1997, 00522 = IRG-04, 00045	Hispania citerior	Maceda / Aquae Flaviae			Augusti/Augustae; miliaria; ordo senatorius; tituli operum; tria nomina; viri	"Imp(erator) Ca[es(ar) C(aius) I]ul(ius) Verus / [Maximinus] Pius Fel(ix) [Aug(ustus)] / [G]e[rm(anicus) max(imus) D]acicus max(imus) [Sarm(aticus)] / [m]a[x(imus) trib(unicia) pot(estate)] V imp(erator) V[II] p(ater) [p(atriae)] / co(n)[s(ul)] pr[o]co(n)s(ul)] et / G(aius!) Iul(ius) [Ma]ximus [nobi]/lis[simus Ca]esar Ger(manicus) ma[x(imus)] / Da[c(icus) max(imus) S]arm(aticus) max(imus) [princeps] / iuv[entutis fil(ius) d(omini)] n(ostri) / Imp(eratoris) C[aes(aris) C(ai) Iul(i) V]er(i) M[aximini Pii] / Fel(icis) [Aug(usti) vias et] pont[es temporis] / vet[ustate con]lapsos [restituerunt] / cu[ra agente] / Q(uinto) De[cio leg(ato) Aug]g(ustorum) pr(o) pr(aetore) [c(larissimo) v(iro)] / [a Brac(ara)] m(ilia) p(assum) LXXX
material: lapis"	http://db.edcs.eu/epigr/partner.php?s_language=en&param=A7823	42.2707963	-7.650832			
EDCS-15100111	AquaeFlaviae-1997, 00414 = MiliariHispanico 00108	Hispania citerior	Mirandela / Aquae Flaviae			Augusti/Augustae; miliaria; ordo senatorius	"Imp(erator) Caes(ar) C(aius) Iul[ius] / Verus Maximinus P(ius) F(elix) Aug(ustus) / Ge[r(manicus)] max(imus) [D]a[c(icus)] max(imus) Sar(maticus) max(imus) / po[nt(ifex) max(imus)] tri(bunicia) [p(otestate) V i]mp(erator)] VII p(ater) p(atriae) co(n)s(ul) / proco(n)s(ul) et C(aius) Iul(ius) Verus Max<i=U>mus / [nobi]lissimus Caes(ar) Ger(manicus) max(imus) Dac(icus) max(imus) / Sar(maticus) max(imus) princ(e)ps iuventutis / f(ilius) d(omini) n(ostri) Imp(eratoris) Caes(aris) C(ai) Iul(i) Veri / [Maximi]ni [P(ii)] F(elicis) [Aug(usti)] vias et pontes / [temporis] vetustate conlapsos / restitui p[raeceperunt] cur(ante) / [Q(uinto) De]cio [leg(ato) Augg(ustorum) pr(o) pr(aetore) c(larissimo) v(iro)]
material: lapis"	http://db.edcs.eu/epigr/partner.php?s_language=en&param=A7800	41.4896695	-7.1775141			
EDCS-29900421	CIL 17-01, *00022 = MiliariTarrac 00269	Hispania citerior	Ocharan			Augusti/Augustae; miliaria; ordo senatorius; viri	"Imp(eratori) Caesari G(aio!) Iu[l]io Vero / Maximino Pio Felici Aug(usto) Germanico / max(imo) Dacico max(imo) Sarmatico max(imo) / pont(ifici) max(imo) trib(unicia) pot(estate) V imp(eratori) VII p(atri) p(atriae) / proco(n)s(uli) / G(aio!) Iulio Vero Max(imo) nob(ilissimo) Caesari / Germanico max(imo) Dacico max(imo) / Sarmatico max(imo) p[r]incipi iu(v)entutis / fil(io) d(omini) n(ostri) / Imp(eratoris) G(ai!) Iuli Veri Maximini P(ii) F(elicis) Aug(usti) / vias et pontes tempore vetustatis / conlapsos restituerunt / curan(te) Q(uinto) Decio leg(ato) Augg(ustorum) pr(o) pr(aetore) c(larissimo) v(iro)
material: lapis"		43.374803	-3.2160718			
EDCS-29700179	CIL 02, 04874 = EE-08-02, p 474 = MiliariHispanico 00156	Hispania citerior	Ponte de Lima			Augusti/Augustae; miliaria; ordo senatorius; tituli operum; tria nomina; viri	"[Imp(erator) Caes(ar) C(aius) Iu]l(ius) Ve[ru]s [Maximi]/[nus] P(ius) F(elix) A[ug(ustus)] Ger[manic(us) max(imus) Dacic(us)] / [ma]x(imus) Sar(maticus) [max(imus) pont(ifex)] / [max(imus)] trib(unicia) [po]t(estate)] V [imp(erator) VII] / [p(ater) p(atriae) co(n)s(ul)] proco(n)s(ul) e[t C(aius) Iul(ius)] / [Verus M]ax{s}(imus) [no]bil[issimus Caes(ar)] / [Ge]rma[nic(us) ma]x(imus) [Dacic(us) max(imus)] / [Sa]rma[tic(us) max(imus) princeps iu]/[ve]ntu[tis fili[us d(omini) n(ostri) Imp(eratoris)] / [C(ai) Iuli Veri Max]imin[i] P(ii) F(elicis) A[ug(usti) vias et] / [pontes] temp[o]re v[etustatis conla]/[psos r]estitu[er]unt [curante] / [Q(uinto) De]cio leg(ato) [Augg(ustorum) pr(o) pr(aetore)] / [a Brac(ara) m(ilia)] p(assuum) XXI
material: lapis"	http://db.edcs.eu/epigr/partner.php?s_language=en&param=A10414	41.7675021	-8.5830992			
EDCS-11700915	EE-09, 00420 = IRG-03, 00006 = MiliariHispanico 00199	Hispania citerior	Pontevedra			Augusti/Augustae; miliaria	"Imp(erator) Caes(ar) C(aius) Iul(ius) V(erus) Ma/x{s}iminus Pius Felix / Aug(ustus) Ger(manicus) max(imus) Dacicus / max(imus) Sarmaticus max(imus) / pontifex max(imus) trib(uniciae) pot/estatis <IV=DE> imp(erator) VII pater / patriae cons(ul) procon(sul) / et C(aius) Iul(ius) V(erus) Maximus / nobilissimus Caes(ar) Germ(anicus) / max(imus) Dac(icus) max(imus) Sarm(aticus) max(imus) / princeps iu(v)entutis fil(ius) d(omini) n(ostri) / Imp(eratoris) C(ai) Iul(i) V(eri) Maximini P(ius) Fel(ix) / Aug(ustus) vias et pontes tempore vetustatis / conlapsos restituerunt curante / Q(uinto) Decio leg(ato) pro praetore
material: lapis"	http://db.edcs.eu/epigr/partner.php?s_language=en&param=A18665;CO0053686 | http://cil.bbaw.de/dateien/cil_view.php?KO=KO0053686	42.4319333	-8.6432533			http://db.edcs.eu/epigr/bilder.php?bilder.php?bild=$IRG-03_00006.jpg
EDCS-10701775	AE 1966, 00218 = IRG-04, 00033 = HEp 1997, 00543	Hispania citerior	Sandias / Aquae Flaviae			ordo senatorius	Imp(erator) Caes(ar) C(aius) Iu[l]ius / Verus Maxim[i]nus Pius Fel(ix) / Aug(ustus) G[e]rm(anicus) max(imus) Dac(icus) ma[x(imus)] Sarm(aticus) / max(imus) [p]ont(ifex) max(imus) tr[i]b(unicia) pot(estate) V im/p(erator) VII p(ater) p(atriae) co(n)s(ul) proco(n)s(ul) et C(aius) Iuliu/s Fel(ix) Verus Maxim[us] nobi[l]/issimus C[a]es(ar) Ger(manicus) max(imus) Da[c(icus)] / max(imus) Sarm(aticus) max(imus) pr[inc]eps iu/[(v)en]tutis fil(ius) d(omini) n(ostri) Im[p(eratoris) C]aes(aris) C(ai) Iu/li Veri [M]aximin[i fil(ius)] Pius Fe[l(ix)] / Aug(ustus) vias e[t] pontes [t]empo[ri]/bus vetu[s]tate con[lapsos] / [restitu]i pr(a)ec[ep]erun[t cura agente] / [Q(uinto)] Decio [leg(ato)] Augg(ustorum) [pr(o) pr(aetore) c(larissimo) v(iro)]	http://db.edcs.eu/epigr/partner.php?s_language=en&param=A6474;CO0053640;HD015908 | https://edh-www.adw.uni-heidelberg.de/edh/inschrift/HD015908 | http://cil.bbaw.de/dateien/cil_view.php?KO=KO0053640	42.1106859	-7.7577611			http://db.edcs.eu/epigr/bilder.php?bilder.php?bild=pp
EDCS-29800130	MiliariHispanico 00460	Hispania citerior	Sandias / Aquae Flaviae			Augusti/Augustae; miliaria; ordo senatorius	"Imp(erator) Caes(ar) C(aius) Iulius / Verus Maxim[i]nus Pi[us] Fel(ix) / Aug(ustus) Germ(anicus) max(imus) Dac(icus) max(imus) [S]arm(aticus) / max(imus) pont(i)f(ex!) tr[i]b(unicia) pot(estate) V i[m]p(erator) / VII p(ater) p(atriae) co(n)s(ul) proco(n)s(ul) et C(aius) Iuliu[s] / Verus Maxim[u]s nobi[lis]si/mus Caes(ar) Germ(anicus) max(imus) Da[c(icus) m]ax(imus) / Sarm(aticus) max(imus) pr[i]nceps iu[v]en/tutis fil(ius) d(omini) n(ostri) Imp(eratoris) Caes(aris) G(ai!) Iu[li] / Veri Maximin[i] fil(ius) Pius Fe[l(ix) A]ug(ustus) / vias et pontes [i]n tempor[ib]us / vetustate con[l]apsos rest[i]tui / pr(a)eceperunt [c]ura agent[e] Q(uinto) / Decio leg(ato) Augg(ustorum) [p]r(o) pr(aetore) c(larissimo) v(iro)
material: lapis"		42.1106859	-7.7577611			http://db.edcs.eu/epigr/bilder.php?bilder.php?bild=$MiliarioHispanico_00460.jpg
EDCS-09700620	CIL 17-01, 00156 = MiliariTarrac 00104 = NIRNavarra 00009 = AE 1971, 00201	Hispania citerior	Santacara, iuxta / Carenses	238	238	Augusti/Augustae; miliaria; ordo senatorius; viri	"Imp(erator) Caes(ar) / C(aius) Iul(ius) Verus Ma/ximinus P(ius) F(elix) / Aug(ustus) Germa(nicus) max(imus) Da/cicus max(imus) Sarma(ticus) / max(imus) pontifex max(imus) / trib(unicia) pot(estate) V imp(erator) VII / p(ater) p(atriae) co(n)s(ul) proco(n)s(ul) et / C(aius) Iul(ius) Verus Maxi/mus nobilissim(us) / Caes(ar) Germa(nicus) max(imus) [Da]/[c]icus max(imus) Sar(maticus) maxi/[m]us princeps iuv/entutis filius dom(ini) [n(ostri)] / [C(ai)] Iul(i) Veri Maxim(ini) [P(ii) F(elicis)] / Aug(usti) vias [et pon]tes [t]emp(ore) / [vetust(atis) conl(apsos) restituer]unt age[nte Q(uinto) D]e[ci]o leg(ato) A[ugg(ustorum)] / [pr(o) p]r(aetore) a Cara [m(ilia) p(assuum) 3]
material: lapis"	http://db.edcs.eu/epigr/partner.php?s_language=en&param=A6502;HD011281;CO0127595 | https://edh-www.adw.uni-heidelberg.de/edh/inschrift/HD011281 | http://cil.bbaw.de/dateien/cil_view.php?KO=KO0127595	42.374	-1.549333			
EDCS-29600370	CIL 02, 06243 = CIL 17-01, 00003 = MiliariTarrac 00102 = IRC-03, 00194 = IRC-05, p 090	Hispania citerior	Sarria de Dalt, iuxta / Sarria de Ter, iuxta	238	238	Augusti/Augustae; miliaria; ordo senatorius; viri	"[Imp(erator) Caes(ar) C(aius) Iul(ius) Verus] / [Maximinus P(ius) F(elix) Aug(ustus)] / [Germanic(us) max(imus) Da]c(icus) max(imus) / [Sarmat(icus) max(imus) ponti]f(ex) max(imus) / [tribun(iciae) potestati]s V / [imp(erator) VII p(ater) p(atriae) co(n)s(ul) proc]o(n)s(ul) / [et C(aius) Iul(ius) Verus Maxi]mus / [nob(ilissimus) Caes(ar) G]ermanic(us) max(imus) / [Dacicus max(imus) Sarma]t(icus) max(imus) / [princeps iuventutis fi]lius / [d(omini) n(ostri) Imp(eratoris) C(ai) Iul(i) Veri Ma]xi/[mini P(ii) F(elicis) Aug(usti) vias et pon]tes / [tempore vetustatis con]/[lapsos restitueru]nt / [cur(ante) Q(uinto) Decio leg(ato) Augg(ustorum)] pr(o) pr(aetore) c(larissimo) v(iro) / [
material: lapis"	http://db.edcs.eu/epigr/partner.php?s_language=en&param=A18006;CO0037127;HD041357 | https://edh-www.adw.uni-heidelberg.de/edh/inschrift/HD041357 | http://cil.bbaw.de/dateien/cil_view.php?KO=KO0037127	42.028667	2.830944			http://db.edcs.eu/epigr/bilder.php?bilder.php?bild=pp
EDCS-14700402	AquaeFlaviae-1997, 00474 = MiliariHispanico 00453 = HEp 1997, 00542	Hispania citerior	Vilarino das Poldras / Aquae Flaviae			Augusti/Augustae; miliaria; ordo senatorius; tituli operum; tria nomina; viri	"Imp(erator) Caes(ar) G(aius!) Iulius Verus Maximinus / Pius Fel(ix) Aug(ustus) Ger(manicus) max(imus) Dac(icus) max(imus) / Sarm(aticus) max(imus) pont(i)f(ex!) trib(unicia) pot(estate) V / imp(erator) VII p(ater) p(atriae) co(n)s(ul) proco(n)s(ul) et G(aius!) Iulius / Verus Maximus nobilissimus Caes(ar) / Germ(anicus) max(imus) Dac(icus) max(imus) Sarm(aticus) max(imus) princeps / iuventutis fil(ius) d(omini) n(ostri) Imp(eratoris) Caes(aris) G(ai!) Iuli Veri Maximini / fil(ius) Pius Fel(ix) Aug(ustus) vias et pontes in temporibus / vetustate conlapsos restitui praeceperu/nt cura agente Q(uinto) Decio leg(ato) Augg(ustorum) pr(o) pr(aetore) c(larissimo) v(iro) / a Bracara m(ilia) p(assuum) LXVII
material: lapis"	http://db.edcs.eu/epigr/partner.php?s_language=en&param=A7822	42.0899807	-7.775384			http://db.edcs.eu/epigr/bilder.php?bilder.php?bild=pp
EDCS-05600255	CIL 02, 04887 (p XLIX) = CIL 17-01, 00123 = IRC-02, 00102 = IRC-05, p 076 = MiliariTarrac 00103 = MiliariHispanico 00117 = ERBraganca 00131 = AquaeFlaviae-1997, 00415 = HEp 2002, 00618	Hispania citerior	Vinaixa / Ad Novas	238	238	Augusti/Augustae; miliaria; ordo senatorius; viri	"Maximinus 3 Maximus 3] / conlapsos restituerunt [cur]ante / [Q(uinto)] Decio leg(ato) Aug(ustorum) pr(o) pr(aetore) c(larissimo) v(iro) / via Aug[usta] / m(ilia) p(assuum) C
material: lapis"	http://db.edcs.eu/epigr/partner.php?s_language=en&param=A17842;A24712;CO0053178;HD041364 | https://edh-www.adw.uni-heidelberg.de/edh/inschrift/HD041364 | http://cil.bbaw.de/dateien/cil_view.php?KO=KO0053178	41.4272831	0.9748095			
EDCS-05600220	CIL 02, 04853 = IRG-04, 00032 = AquaeFlaviae-1997, 00536 = MiliariHispanico 00599	Hispania citerior	Xinzo de Limia / Ginzo de Limia / Civitas Limicorum			Augusti/Augustae; miliaria; ordo senatorius	"Imp(erator) Caes(ar) C(aius) Iulius Verus Maxi/minus Pi(u)s Aug(ustus) Germanicus / max(imus) Dac(icus) max(imus) Sar[m(aticus) max(imus)] / pontif(ex) (!) trib(unicia) pot(estate) VI imp(erator) VII p(ater) p(atriae) / co(n)s(ul) proco(n)s(ul) et C(aius) Iulius Verus / Max(imus) nobilissimus / Caes(ar) Germ(anicus) ma(ximus) Dac(icus) max(imus) Sarm(aticus) / max(imus) princeps i(u)ventutis f(i)l(ius) d(omini) n(ostri) / Imp(eratoris) Caes(aris) C(ai) Iuli Ver(i) Maximini fi(lius) / Pius Fel(ix) Aug(ustus) vias et pont<e=I>s in temp/oribus vetustate conlap(s)os / restitui praec(e)peru<n=M>(t) / cura / ag(e)nte Q(uinto) Decio leg(ato) Augg(ustorum) pr(o) p(raetore) c(larissimo) v(iro)
material: lapis"	http://db.edcs.eu/epigr/partner.php?s_language=en&param=A10392	42.0630367	-7.7260622			
EDCS-29800131	HEp 2003/04, 00481 = MiliariHispanico 00461	Hispania citerior	Xunqueira de Ambia / Junquera de Ambia / Aquae Flaviae			Augusti/Augustae; miliaria; ordo senatorius; tituli operum; tria nomina	"Imp(erator) Caes(ar) [C(aius) Iulius] Verus / Maximinus P[iu]s Fel(ix) Aug(ustus) / Germanicus max(imus) Dacicus / max(imus) Sarmaticus max(imus) / pontifex max(imus) tribuniciae / potestatis V imp(erator) VII p(ater) p(atriae) co(n)s(ul) pro/co(n)s(ul) et C(aius) Iulius Verus Maximus / nobilissimus Caes(ar) Germanicus / max(imus) Dacicus max(imus) Sarmaticus / max(imus) princeps iuventutis fil(ius) d(omini) n(ostri) / Imp{p}(eratoris) Caes(aris) G(ai!) Iuli Veri Maximini Pii / Felicis Aug(usti) vias et pontes vetus/tate conlapsos res[titu]i cura(ve)runt / curante Q(uinto) Decio leg(ato) Augg(ustorum) pr(o) / pr(aetore) c(larissimo) v(iro) a Brac(ara) Aug(usta) m(ilia) p(assuum) LXVII
material: lapis"	http://db.edcs.eu/epigr/partner.php?s_language=en&param=A25207	42.2051033	-7.7352687			
EDCS-17700788	CIL 09, 05980 = CIL 10, 06908 = D 05858	Latium et Campania / Regio I	Caserta / Capua / Casilinum				Imp(erator) Caes(ar) L(ucius) Septimius / Severus Pius Pertinax / Aug(ustus) Arabic(us) Adiabenic(us) / Parthic(us) maxim(us) pontif(ex) / maximus trib(unicia) pot(estate) VIIII / imp(erator) XI co(n)s(ul) II p(ater) p(atriae) desig(natus) III / proco(n)s(ul) et / Imp(erator) Caes(ar) M(arcus) Aurelius / Antoninus Pius August(us) / trib(unicia) pot(estate) IIII designat(us) co(n)s(ul) / proco(n)s(ul) et / P(ublius) Septimius Geta nobiliss(imus) / Caesar / murum ad defension(em) viae vetustate con/la<p=B>sum restituerunt	http://db.edcs.eu/epigr/partner.php?s_language=en&param=cil10_p700;cil09_p711;CO0031178;de_21dessuoft%23page/441/mode/2up | http://cil.bbaw.de/dateien/cil_view.php?KO=KO0031178	41.0820827	14.334708			
EDCS-12400050	CIL 17-02, 00321 = CIL 13, 08869 = ILA-Vell 00058 = CAG-43, p 47	Lugudunensis	Beaune-sur-Arzon	237	237	Augusti/Augustae; miliaria; tituli operum; viri	"[Imp(erator) Caes(ar) C(aius) Iul(ius)] / [Verus Maximinus] / [P(ius) Fe]l(ix) Aug(ustus) [p(ontifex) m(aximus) tr(ibunicia) p(otestate) III] / [co(n)s(ul) pro]con[s(ul) p(ater) p(atriae) imp(erator) V et] / [C(aius) Iul(ius) Ver]us [Maximus nob(ilissimus)] / [Caes(ar) prince]ps iuve[nt(utis) vias et] / [pontes vet]us[tate conlapsos] / [restituerunt
material: lapis"	http://db.edcs.eu/epigr/partner.php?s_language=en&param=G160100700058	45.2795338	3.8159951			
EDCS-12400051	CIL 17-02, 00322 = CIL 13, 08870 = ILA-Vell 00059 = CAG-4, p 46	Lugudunensis	Beaune-sur-Arzon	237	237	Augusti/Augustae; miliaria; tituli operum; viri	"[Imp(erator) Caes(ar) C(aius) Iul(ius)] / [Veru]s [Maximinus] / [P(ius) Fel(ix) Aug(ustus) p(ontifex) m(aximus) tr(ibunicia) p(otestate) III] / [co(n)s(ul) procons(ul) p(ater) p(atriae) imp(erator) V et] / [C(aius) Iul(ius) Verus Maximus nob(ilissimus)] / [Caes(ar) pr]inc[eps iuvent(utis) vi]as e[t] / [ponte]s v[etus[tate co]nl[apsos] / [re]st[ituerunt
material: lapis"	http://db.edcs.eu/epigr/partner.php?s_language=en&param=G160100700059	45.2795338	3.8159951			
EDCS-12400046	CIL 17-02, 00318 = CIL 13, 08867 = ILA-Vell 00057 = CAG-42, p 232	Lugudunensis	Usson-en-Forez / Icidmago	237	237	Augusti/Augustae; miliaria; tituli operum; viri	"Imp(erator) Caes(ar) [C(aius) Iul(ius) Ver]/us Maximi[nus Pius] / Felix Aug(ustus) p(ontifex) m(aximus) [tr(ibunicia) p(otestate) III] / proco(n)s(ul) p(ater) p(atriae) im[p(erator) V] / et C(aius) Iul(ius) Veru[s Maximus] / nobilissimus [Caesar] / princeps iuventu[tis vias et pont]/us vetustat[e] con[lapsos] / restituerunt / m(ilia) p(assuum) XIIII
material: lapis"	http://db.edcs.eu/epigr/partner.php?s_language=en&param=G160100700057	45.389403	3.9413497			
EDCS-05600154	CIL 02, 04788 = AquaeFlaviae-1997, 00413 = MiliariHispanico 00103 = HEp 1997, 01175 = HEp 2003/04, 00859	Lusitania	Valpacos			Augusti/Augustae; miliaria; ordo senatorius	"Imp(erator) Caes(ar) C(aius) Iul(ius) / Verus Max<i=U>minus P(ius) F(elix) Aug(ustus) / Ger(manicus) max(imus) <D=C>ac(icus) max(imus) Sar(maticus) max(imus) / pont(ifex) max(imus) tr(ibunicia) p(otestate) V imp(erator) VII p(ater) p(atriae) co(n)s(ul) / p(ro)co(n)s(ul) et C(aius) Iul(ius) Verus Max<i=U>mus / [nob]ilissimus Caes(ar) Ger(manicus) max(imus) Dac(icus) max(imus) / Sar(maticus) max(imus) princeps iuventutis / f(ilius) <d=B>(omini) n(ostri) Im(peratoris) Caes(aris) G(ai!) Iul(i) Veri / Max<i=U>mini P(ius) F(elix) Aug(ustus) vias et pontes / {IF}temporis vetustate conl(a)<p=B>sos / restituere cura(ve)runt cur(ante) / Q(uinto) Decio leg(ato) Augg(ustorum) p(ro) p(raetore) [c(larissimo) v(iro)]
material: lapis"	http://db.edcs.eu/epigr/partner.php?s_language=en&param=A10327;CO0053168 | http://cil.bbaw.de/dateien/cil_view.php?KO=KO0053168	41.6067883	-7.3108525			
EDCS-29900101	CIL 03, 13758 = AE 2001, +01736	Moesia inferior	Asardzik	234	234	miliaria; ordo senatorius; tituli operum; tria nomina	"vi]as conlapsas / [restituit(?) cura]nte Quinto D/[ecio(?) 3]vo [3]A / [3] m(ilia) p(assuum) [
material: lapis"	http://db.edcs.eu/epigr/partner.php?s_language=en&param=CO0053256;HD043333 | https://edh-www.adw.uni-heidelberg.de/edh/inschrift/HD043333 | http://cil.bbaw.de/dateien/cil_view.php?KO=KO0053256					
EDCS-29100035	CIL 03, 12519 (p 2316,45, 2316,55) = ADBulgar 00048 = AE 1895, +00047 = AE 1895, 00056 = ZPE-214-319	Moesia inferior	Paskalevo / Paskalewo	234	234	Augusti/Augustae; miliaria; ordo senatorius; tria nomina; viri	"Imp(erator) [C]aesar M(arcus) / Aurelius Severus / Alexander Pius Felix / Sanctissimus Aug(ustus) / tribuniciae pote{st III}/statis XIII consul III / pater patriae pr[o]cons(u)l / pontes derutos et vias / conlapsas restituit / curante Quinto Decio c(larissimo) v(iro) / pr(o) pr(aetore) leg(ato) suo / m(ilia) p(assuum) [3]
material: lapis"	http://db.edcs.eu/epigr/partner.php?s_language=en&param=1ae1895-13;1ae1895-14;CO0053252;HD019238 | https://edh-www.adw.uni-heidelberg.de/edh/inschrift/HD019238 | http://cil.bbaw.de/dateien/cil_view.php?KO=KO0053252	43.638270	27.830070			http://db.edcs.eu/epigr/bilder.php?bilder.php?bild=$CIL_03_12519_1.jpg;$CIL_03_12519_2.jpg
EDCS-25900004	CIL 08, 10302 (p 2138) = CIL 08, 10303	Numidia	Constantine / Bordj Saguiet er Roum / Cirta			Augusti/Augustae; miliaria; tituli operum; viri	"] trib(unicia) pot(estate) / co(n)s(ul) p(ater) p(atriae) pro/co(n)s(ul) viam / imbribus et / vetustate / conlapsam / cum pontib[us // ] restituit
material: lapis"		36.364519	6.608260			
EDCS-25900006	CIL 08, 10304 = D 00471	Numidia	Constantine / Bordj Saguiet er Roum / Cirta			Augusti/Augustae; miliaria; tituli operum; viri	"Imp(erator) Caesar / divi Magni / Antonini Pii / filius divi Seve/ri Pii nepos / M(arcus) Aurelius [An]/[toninus] Pius Felix / Aug(ustus) pontif(ex) max(imus) / trib(unicia) pot(estate) II co(n)s(ul) II / designatus III proc[o(n)sul] / felicissimus a<t=D>que / Invictissimus ac super / omnes [re]tr[o p]rincipes / indulgentissimus / viam imbribus et / vetust[ate] conlaps[am] / cum pontibus / restituit
material: lapis"	http://db.edcs.eu/epigr/partner.php?s_language=en&param=CO0038017;de_01dessuoft%23page/115/mode/2up | http://cil.bbaw.de/dateien/cil_view.php?KO=KO0038017	36.364519	6.608260			
EDCS-28200143	CIL 08, 22371 = D 05869	Numidia	Constantine / Bordj Saguiet er Roum / Cirta			Augusti/Augustae; miliaria; tituli operum; viri	"Imp(erator) Caesar / M(arcus) Antoni/us Gordia/nus Pius Fe/lix Invic/tus Aug(ustus) pon/tif(ex) maxi/mus trib(unicia) po/test(ate) II co(n)s(ul) / p(ater) p(atriae) proconsul / v[iam] imbri/bus et vetus/tate conlap/sam cum pon/tibus restituit
material: lapis"	http://db.edcs.eu/epigr/partner.php?s_language=en&param=de_21dessuoft%23page/443/mode/2up	36.364519	6.608260			
EDCS-25900017	CIL 08, 10315 = Louvre 00098	Numidia	El Harrouch / El Arrouch			Augusti/Augustae; miliaria; tituli operum; viri	"Imp(eratori) Caes(ari) M(arco) A[u]/relio Carino Inv[ic]/to Pio Felici Aug(usto) / pontifici maximo / tribuniciae po/testatis pater pa/triae proconsul / viam imbribus / et vetustate / [conlap]sam cum / [pontibus] resti[tuit
material: lapis"		36.6514052	6.8360907			
EDCS-25900018	CIL 08, 10316	Numidia	El Harrouch / El Arrouch			Augusti/Augustae; miliaria; tituli operum; viri	"viam imbribu]s et vetus[tate] / [conlapsam] cum pont[ibus] / [resti]tuit
material: lapis"		36.6514052	6.8360907			
EDCS-28200151	CIL 08, 22379	Numidia	El Harrouch / El Arrouch			Augusti/Augustae; miliaria; tituli operum; viri	"Imp(eratori) Caes(ari) M(arco) Aurelio] / Carino Inv[icto Pio Fe]/lici Aug(usto) pontifici m[a]/ximo tribuniciae po/testatis pa[t]er patriae pro/consul(i) viam imbribus / et vetust[ate] conla<p=B>/sam cum [pon]tibus / restituit / X[1]IIII
material: lapis"		36.6514052	6.8360907			
EDCS-25900022	CIL 08, 10320 (p 2138) = Louvre 00099	Numidia	Oued Hammam			Augusti/Augustae; miliaria; tituli operum; viri	"Imp(erator) Caesar / C(aius) Vibius Trebo/nianus Gallus / Invictus Pius Felix / Aug(ustus) pontif(ex) maximus / trib(unicia) pot(estate) p(ater) p(atriae) co(n)s(ul) II proco(n)s(ul) / Imp(erator) Caes(ar) C(aius) Vibius / Afinius Voldum{m}ianus / Volus{s}ianus Pius Felix Aug(ustus) / viam imbribus [et ve]/[tustate conlapsam cum] / [pontibus restituerunt
material: lapis"	http://db.edcs.eu/epigr/partner.php?s_language=en&param=CO0012081 | http://cil.bbaw.de/dateien/cil_view.php?KO=KO0012081					
EDCS-25900010	CIL 08, 10308 (p 2138)	Numidia	Oued Smendou			Augusti/Augustae; litterae erasae; miliaria; tituli operum; viri	"Imp(erator) C]aesar / [divi] Magni / Antonini / Pii [[[fil(ius)]]] divi / Severi Pii [[[nep(os) M(arcus)]]] / Aurelius [[[Anto]]]/[[[ninus]]] Pius Fe/lix Aug(ustus) pontif(ex) / maxi(mus) trib(unicia) potest(ate) / III co(n)s(ul) III p(ater) p(atriae) proco(n)s(ul) / Felicissimus atq(ue) / Invictissimus ac / super omnes retro / principes indul/gentissimus / viam imbribus et / vetustate con/la<p=B>sam cum pont/ibus restituit / XIIII
material: lapis"	http://db.edcs.eu/epigr/partner.php?s_language=en&param=CO0038021 | http://cil.bbaw.de/dateien/cil_view.php?KO=KO0038021	36.517609	6.506721			
EDCS-25900011	CIL 08, 10309 (p 2138)	Numidia	Oued Smendou			Augusti/Augustae; litterae erasae; miliaria; tituli operum; viri	"Imp(erator) Caes(ar) / divi Severi / Pii [[[nepos]]] divi / Antonini Mag/ni Pi[[[i fil(ius)]]] Seve/rus [[[Alexander]]] / Pius [[[Felix]]] Aug(ustus) / pontifex maxi/mus trib(unicia) pot(estate) / co(n)s(ul) p(ater) p(atriae) / viam imbribus et ve/tustate conla<p=B>/sam cum ponti/bus restituit / XIIII
material: lapis"		36.517609	6.506721			
EDCS-28200144	CIL 08, 22372	Numidia	Oued Smendou			Augusti/Augustae; miliaria; tituli operum; viri	"Imp(erator) Caesar / M(arcus) Antoni/us Gordia/nus Pius Felix / Invictus Aug(ustus) / pontif(ex) maxi/mus trib(unicia) po/test(ate) II co(n)s(ul) / p(ater) p(atriae) proco(n)s(ul) / viam imbribus / et vetustate{m} con/<l=I>apsam cum <p=I>on/tibus r<est=D>i[t]<u=N>it / XIIII
material: lapis"	http://db.edcs.eu/epigr/partner.php?s_language=en&param=CO0055286 | http://cil.bbaw.de/dateien/cil_view.php?KO=KO0055286	36.517609	6.506721			
EDCS-28200145	CIL 08, 22373	Numidia	Oued Smendou			Augusti/Augustae; miliaria; tituli operum; viri	"Imp(erator) Caes(ar) / M(arcus) Iulius Phi/lippus Pius / Felix Invic/tus Aug(ustus) ponti/fex maximus / tribuniciae / potestatis / co(n)s(ul) p(ater) p(atriae) [p]roco(n)s(ul) et / [M(arcus) Iul(ius)] Phili[pp(us) 3] / viam imbribus / et vetustate / conlapsam cum / pontibus restituerunt / XIIII
material: lapis"		36.517609	6.506721			
EDCS-25900020	CIL 08, 10318 (p 2138)	Numidia	Salah Bouchaour			Augusti/Augustae; miliaria; tituli operum; viri	"Imp(erator) Caesar C(aius) Messius / Quintus Traianus / Decius Invictus Pius F/elix Aug(ustus) pontifex ma/ximus tribuniciae po/testatis cons[ul II pa]/ter patriae [proconsul] / viam imbribus [et vetus]/tate conla<p=B>sa[m cum] / pontibus res[tituit
material: lapis"		36.7044252	6.8563693			
EDCS-25900025	CIL 08, 10323 = CIL 08, 22365	Numidia	Skikda / Ras Skikda / Philippeville / Rusicade			Augusti/Augustae; miliaria; tituli operum; viri	"Imp(erator) Caes(ar) C(aius) Vib(i)us / Treboniano(!) Gallo(!) / Invict(us) Pius Felix / Aug(ustus) pontif(ex) max(imus) tr/ib(unicia) pot(estate) consul II p(ater) p(atriae) / procon[sul et] / [Imp(erator) Caes(ar) C(aius) V]ibius / Afinius Gallus V/aldumianus Vo/lu[sia]nus In(vic)tus Piu/s F[elix Au]g(ustus) pontif(ex) m/ax(imus) [trib(unicia)] pot(estate) consul / p(ater) p(atriae) procons(ul) via/m imbribus et vetus/tate / conlapsam / cum pontibus res/tituerunt / VIIII
material: lapis"	http://db.edcs.eu/epigr/partner.php?s_language=en&param=CO0012082 | http://cil.bbaw.de/dateien/cil_view.php?KO=KO0012082	36.879882	6.907485			
EDCS-00380827	ZPE-101-205 = AE 1994, 01395 = Borhy-2006, 00001	Pannonia superior	Almasfuzito / Azaum / Odiavum	238	238	Augusti/Augustae; litterae erasae; miliaria; milites; tituli operum; viri	"Imp(erator) Caes(ar) / [[[M(arcus) Clod(ius) Pupienus]]] / [[[Aug(ustus) pont(ifex) max(imus) tr(ibunicia) pot(estate) p(ater) p(atriae) co(n)s(ul)]]] / [[[II proco(n)s(ul) et Imp(erator) Caes(ar) D(ecimus)]]] / [[[Cael(ius) Calvinus Balbinus]][ / [[[P(ius) F(elix) Aug(ustus) pont(ifex) max(imus) tr(ibunicia) po]]]t(estate) / c[[[o(n)s(ul) II proco(n)s(ul) p(ater)]]] p(atriae) et / M(arcus) Antonius Gordianus / nobilissim<us=O> Caes(ar) vias / vetustate conla<p=B>sas / cum pontibus restituit(!) / per leg(ionem) I Adi(utricem) P(iam) F(idelem) [[[P(upienam) B(albinam)]]] G(ordianam) / a Brig(etione) m(ilia) p(assuum) II
material: lapis"	http://db.edcs.eu/epigr/partner.php?s_language=en&param=CO0023562;HD042455 | https://edh-www.adw.uni-heidelberg.de/edh/inschrift/HD042455 | http://cil.bbaw.de/dateien/cil_view.php?KO=KO0023562	47.7264305	18.262513			http://db.edcs.eu/epigr/bilder.php?bilder.php?bild=$Borhy-2006_00001_1.jpg;$Borhy-2006_00001_2.jpg
EDCS-09401537	Hild 00004 = AEA 2005, +00050 = AE 1973, 00430	Pannonia superior	Bruck an der Leitha / Carnuntum	252	253	Augusti/Augustae; miliaria; tituli operum; viri	"Imp(erator) Ca[es(ar) C(aius) Vibius] / Afin(ius) [Volusianus In]/victu[s Aug(ustus) p(ontifex) m(aximus) trib(unicia)] / potest(ate) [co(n)s(ul) p(ater) p(atriae) pro]/co(n)s(ul) po[ntes et vias] / vetus[tate conlaps(as)] / rest[ituit] / a K(arnunto) m(ilia) [p(assuum) 3]
material: lapis"	http://db.edcs.eu/epigr/partner.php?s_language=en&param=HD011369;lu_16616 | https://edh-www.adw.uni-heidelberg.de/edh/inschrift/HD011369	48.0255094	16.7790041			http://db.edcs.eu/epigr/bilder.php?bilder.php?bild=pp
EDCS-30100522	CIL 03, 11337	Pannonia superior	Dorog	244	249	Augusti/Augustae; miliaria; tituli operum; viri	"Im[p(erator) Caes(ar) M(arcus) Iul(ius)] / Phi[lippus Invictus] / Aug(ustus) [p(ontifex) m(aximus) tribunici]ae / p(otestatis) co[nsul p(ater) p(atriae)] proco/nsul [vias] vetu[s]tate / conla[psas cum pontibus restituit]
material: lapis"	http://db.edcs.eu/epigr/partner.php?s_language=en&param=HD074677 | https://edh-www.adw.uni-heidelberg.de/edh/inschrift/HD074677	47.7223403	18.7313867			
EDCS-28900080	CIL 03, 04630 = CIL 03, 11339	Pannonia superior	Esztergom / Gran / Solva mansio	236	238	Augusti/Augustae; miliaria; tituli operum; viri	"Imp(eratori) Caes(ari) C(aio) Iul(io) / Vero Maximino / P(io) F(elici) Aug(usto) p(ontifici) m(aximo) [t]r[i]b(unicia) p(otestate) p(atri) p(atriae) / pr(o)co(n)s(uli) Ger(manico) max(imo) Dac(ico) / maxi(mo) Sar(matico) maxi(mo) et G(aio!) / Iul(io) Vero Maximo n(o)b(ilissimo) Caes(ari) fil(io) / Ger(manico) maxi(mo) Dac(ico) maxi(mo) / Sar(matico) maxi(mo) / vias et pontes / vetustate (con)la<p=B>s(as) / restituerunt / a B(rigetione) m(ilia) p(assuum) XXXII
material: lapis"	http://db.edcs.eu/epigr/partner.php?s_language=en&param=HD074676;CO0053216 | https://edh-www.adw.uni-heidelberg.de/edh/inschrift/HD074676 | http://cil.bbaw.de/dateien/cil_view.php?KO=KO0053216	47.7856977	18.7403349			
EDCS-03000763	AE 1996, 01248	Pannonia superior	Gyor / Raab / Rab / Arrabona	218	218	Augusti/Augustae; litterae erasae; miliaria; ordo senatorius; tituli operum; tria nomina; viri	"Imp(erator) Caes(ar) M(arcus) Opel(lius) / Sever<us=O> [[Macrinus]] / Pius Felix Aug(ustus) co(n)s(ul) II / proco(n)s(ul) trib(unicia) potest(ate) / pontif(ex) maxim<us=O> et / M(arcus) Opel(lius) Antoninus / Diatumenianus nobi/lissimus Caesar / vias et pontes vetus/tate conla<p=B>sos / restituerunt / cura agente Ael(io) Trecci/ano leg(ato) Augg(ustorum) pr(o) pr(aetore) ab(!) Br(igetione) / m(ilia) p(assuum) / XXXIIII
material: lapis"	http://db.edcs.eu/epigr/partner.php?s_language=en&param=HD050392 | https://edh-www.adw.uni-heidelberg.de/edh/inschrift/HD050392	47.687609	17.6346815			http://db.edcs.eu/epigr/bilder.php?bilder.php?bild=$AE_1996_01248.jpg
EDCS-03000764	AE 1996, 01249	Pannonia superior	Gyor / Raab / Rab / Arrabona	244	247	Augusti/Augustae; miliaria; tituli operum; viri	"Imp(erator) Caes(ar) / Marcus Iulius / Philippus P(ius) F(elix) / Invictus / Augustus / vias vetustate / conlapsas cum / pontibus restituit / a Brig(etione) m(ilia) p(assuum) / XXXIIII
material: lapis"	http://db.edcs.eu/epigr/partner.php?s_language=en&param=HD050394 | https://edh-www.adw.uni-heidelberg.de/edh/inschrift/HD050394	47.687609	17.6346815			http://db.edcs.eu/epigr/bilder.php?bilder.php?bild=$AE_1996_01249.jpg
EDCS-26600113	CIL 03, 04639 = CIL 03, 11343 = RIU-01, 00252	Pannonia superior	Gyor / Raab / Rab / Arrabona	213	213	Augusti/Augustae; tituli operum; viri	"[I]mp(erator) C[aes(ar)] M(arcus) Aurel(ius) / [Antoninu]s Pius / F[elix Aug(ustus)] Parth(icus) / max(imus) [Brit(annicus) ma]x(imus) p(o)ntif(ex) max(imus) tr[ib(unicia) pot(estate) XVI co(n)s(ul) I]II co(n)s(ul) / des(ignatus) [IIII] p(ater) p(atriae) proco(n)s(ul) pontes / et vias [vetustate con]la<p=B>sas
material: lapis"	http://db.edcs.eu/epigr/partner.php?s_language=en&param=CO0095303;HD040531 | https://edh-www.adw.uni-heidelberg.de/edh/inschrift/HD040531 | http://cil.bbaw.de/dateien/cil_view.php?KO=KO0095303	47.687609	17.6346815			http://db.edcs.eu/epigr/bilder.php?bilder.php?bild=$CIL_03_04639.jpg
EDCS-28900103	CIL 03, 04651 = AEA 2005, +00050	Pannonia superior	Inzersdorf	249	249	Augusti/Augustae; miliaria; tituli operum; viri	"[I]mp(erator) Caes(ar) C(aius) Mess(ius) / Quint(us) Decius Tra/ianus P(ius) F(elix) Aug(ustus) pont(ifex) max(imus) / trib(unicia) pot(estate) p(ater) p(atriae) co(n)s(ul) pr(o)/co(n)s(ul) vias et pont(es) / ve(tustate) conl(apsas) restitu[it] / a Vind(obona) m(ilia) p(assuum) IIII
material: lapis"	http://db.edcs.eu/epigr/partner.php?s_language=en&param=HD074161;CO0117294;lu_10401 | https://edh-www.adw.uni-heidelberg.de/edh/inschrift/HD074161 | http://cil.bbaw.de/dateien/cil_view.php?KO=KO0117294	48.1479542	16.3522127			http://db.edcs.eu/epigr/bilder.php?bilder.php?bild=pp
EDCS-28900104	CIL 03, 04652 = D 00555 = AEA 2005, +00050	Pannonia superior	Inzersdorf	256	258	Augusti/Augustae; miliaria; tituli operum; viri	"Imp(eratori) Caes(ari) P(ublio) Li[ci]nio / Cornelio Valeriano / nobilissimo Caes(ari) / principi iuventutis / vias et pontes vetusta(te) / conla<p=B>sas restituit / a Vin[d(obona) m(ilia) p(assuum)] IIII
material: lapis"	http://db.edcs.eu/epigr/partner.php?s_language=en&param=HD074174;CO0072314;de_01dessuoft%23page/131/mode/2up;lu_10402 | https://edh-www.adw.uni-heidelberg.de/edh/inschrift/HD074174 | http://cil.bbaw.de/dateien/cil_view.php?KO=KO0072314	48.1479542	16.3522127			http://db.edcs.eu/epigr/bilder.php?bilder.php?bild=pp
EDCS-14501081	CIL 03, 05752 (p 2200) = Afrique p 724 = AEA 1985/92, +00051 = AEA 2005, +00050 = AEA 2008, +00043	Pannonia superior	Klosterneuburg / Asturis	249	249	Augusti/Augustae; miliaria; tituli operum; viri	"Imp[erator Cae]s(ar) / C(aius) M[essius Qui]ntus / De[cius T]r<a=O>ia/nu[s P(ius) F(elix) Augus]t(us) pon/ti[f(ex) max(imus)] trib(unicia) / po[t(estate) 3 c]o(n)s(ul) pr[o]/co[(n)s(ul) vias e]t pont(es) / co[nlaps]as re/st[ituit a(?)] Vind(obona) / [m(ilia) p(assuum)
material: lapis"	http://db.edcs.eu/epigr/partner.php?s_language=en&param=CO0103296;HD065052;lu_11317 | https://edh-www.adw.uni-heidelberg.de/edh/inschrift/HD065052 | http://cil.bbaw.de/dateien/cil_view.php?KO=KO0103296	48.304990	16.323756			http://db.edcs.eu/epigr/bilder.php?bilder.php?bild=pp
EDCS-30100505	CIL 03, 11326	Pannonia superior	Komarom / Komorn / Brigetio			mulieres; viri	et Marcia] / [Otacilia Se]vera / Sa[n]ctis[sima] Aug(usta) / coniux Aug(usti) n(ostri) vias / vetusta[te con]lap[sa]s / cum ponti[b(us) res]titu[er(unt)] / [p]er leg(ionem) I A[d(iutricem) Phili]pp[iana]m		47.7417349	18.1218256			
EDCS-30100506	CIL 03, 11327 = RHP 00202	Pannonia superior	Komarom / Komorn / Brigetio	238	238	Augusti/Augustae; miliaria; milites; tituli operum; viri	"Imp(erator) [C]aes(ar) / M(arcus) An[t(onius) G]ordianus P(ius) F(elix) / Aug(ustus) [p(ontifex) m(aximus) t]rib(unicia) potes(tate) / pro[co(n)s(ul)] p(ater) p(atriae) vias cum / pon[t(ibus) vetusta]te conla<p=B>s(as) / res[tituit per alam II]I / Th[rac(um) Gordianam] / [a Brig(etione) m(ilia) p(assuum) 3]
material: lapis"	http://db.edcs.eu/epigr/partner.php?s_language=en&param=HD074438;CO0053249 | https://edh-www.adw.uni-heidelberg.de/edh/inschrift/HD074438 | http://cil.bbaw.de/dateien/cil_view.php?KO=KO0053249	47.7417349	18.1218256			
EDCS-30100511	CIL 03, 11333 = RHP 00208	Pannonia superior	Komarom / Komorn / Brigetio		268	Augusti/Augustae; miliaria; milites; tituli operum; viri	"to 268;242to 244



[Imp(erator) Caes(ar)] M(arcus) Ant(onius) Gordian[us Pius] / Fe[lix I]nvictus / [A]ug(ustus) [p(ontifex) m(aximus) t]r[ib(unicia) pot(estate) co(n)s(ul) proco(n)s(ul) vias] / vetustate con[l]aps[as // Imp(erator) Caes(ar) / M(arcus) Aure(lius) <C=G>laudius P(ius) F(elix) / Aug(ustus) p(ontifex) <m=N>aximus trib(unicia) pot(estate) / co(n)s(ul) proco(n)s(ul) / vias ve(t)ustate con/la<p=B>sas cum ponti/bus restituit per / alam III Thrac(um) Cl[au]/dianam / a Brig(etione) / m(ilia) p(assuum) VI
material: lapis"	http://db.edcs.eu/epigr/partner.php?s_language=en&param=HD074439;CO0003340;CO0053251 | https://edh-www.adw.uni-heidelberg.de/edh/inschrift/HD074439 | http://cil.bbaw.de/dateien/cil_view.php?KO=KO0003340	47.7417349	18.1218256			
EDCS-72400198	Borhy-2006, 00169	Pannonia superior	Koppanymonostor / Brigetio	193	211	Augusti/Augustae; miliaria; tituli operum; viri	"[Imp(erator)] Cae[s(ar)] / [3] Sept[imius 3] / [3] f(ilius?) divi [3] / [3]INN[3] / [3]VER[3] / [6] / [6] / [3]co(n)s(ul) [3] / [3]S vias [et] / [pontes(?)] vetustate / [3 con]lapsas [restitu 3] / [a B]rig(etione) / m(ilia) p(assuum) II
material: lapis"	http://db.edcs.eu/epigr/partner.php?s_language=en&param=HD074398 | https://edh-www.adw.uni-heidelberg.de/edh/inschrift/HD074398	47.7509121	18.0770342			http://db.edcs.eu/epigr/bilder.php?bilder.php?bild=$Borhy-2006_00169.jpg
EDCS-28900094	CIL 03, 04644 = AEA 2005, +00050	Pannonia superior	Schwechat / Ala Nova	239	240	Augusti/Augustae; litterae erasae; miliaria; tituli operum; viri	"Imp(erator) Caes(ar) M(arcus) Antonius / [[Gordianus]] Pius Felix / Aug(ustus) pont(ifex) max(imus) trib(unicia) / pot(estate) co(n)s(ul) p(ater) p(atriae) proco(n)s(ul) / vias et pontes vetus/tate conla<p=B>s(as) restit(uit) / a K(arnunto) m(ilia) p(assuum) XXI
material: lapis"	http://db.edcs.eu/epigr/partner.php?s_language=en&param=HD074165;CO0053219;lu_9681 | https://edh-www.adw.uni-heidelberg.de/edh/inschrift/HD074165 | http://cil.bbaw.de/dateien/cil_view.php?KO=KO0053219	48.1397436	16.4780312			http://db.edcs.eu/epigr/bilder.php?bilder.php?bild=pp
EDCS-28900095	CIL 03, 04645 = AEA 2005, +00050	Pannonia superior	Schwechat / Ala Nova	249	249	Augusti/Augustae; miliaria; tituli operum; viri	"Imp(erator) Caes(ar) C(aius) Mes/sius Quintus / Traianus / Decius Pius / Felix Aug(ustus) p(ontifex) m(aximus) / trib(unicia) pot(estate) co(n)s(ul) p(ater) p(atriae) / p<r=P>(o)co(n)s(ul) pon[tes et vias conla<p=B>sas vetu]/st(ate) rest(ituit) / a K(arnunto) m(ilia) p(assuum) / XXI
material: lapis"	http://db.edcs.eu/epigr/partner.php?s_language=en&param=HD074166;CO0117288 | https://edh-www.adw.uni-heidelberg.de/edh/inschrift/HD074166 | http://cil.bbaw.de/dateien/cil_view.php?KO=KO0117288	48.1397436	16.4780312			
EDCS-28900096	CIL 03, 04646	Pannonia superior	Schwechat / Ala Nova	257	258	Augusti/Augustae; miliaria; tituli operum; viri	"Imp(eratori) P(ublio) Licinio Cor/nelio Valeriano / nobilissimo Caes(ari) / principi iuventutis / vias et pontes vetust(ate) / conla<p=B>sas restit(uit) / XXI
material: lapis"	http://db.edcs.eu/epigr/partner.php?s_language=en&param=HD074167;CO0117289;lu_10398 | https://edh-www.adw.uni-heidelberg.de/edh/inschrift/HD074167 | http://cil.bbaw.de/dateien/cil_view.php?KO=KO0117289	48.1397436	16.4780312			http://db.edcs.eu/epigr/bilder.php?bilder.php?bild=$CIL_03_04646.jpg
EDCS-28900076	CIL 03, 04626 = RHP 00204	Pannonia superior	Sutto	244	247	Augusti/Augustae; miliaria; milites; mulieres; tituli operum; viri	"Imp(erator) Caes(ar) / [M(arcus)] Iul(ius) Philippus In/vctus Aug(ustus) et M(arcus) Iul(ius) / Philippus nobiliss(imus) / Caes(ar) et Otacil(ia) Seve/ra mater Aug(usti) et ca[st]r(orum) / vias et po[nte]s vetus/tate con[lap]s(as) restitue(runt) / per alam II[I] Thrac(um) / Philippianam / a Brig(etione) / m(ilia) p(assuum) XI
material: lapis"	http://db.edcs.eu/epigr/partner.php?s_language=en&param=HD074665 | https://edh-www.adw.uni-heidelberg.de/edh/inschrift/HD074665	47.7573845	18.443470			
EDCS-28900077	CIL 03, 04627 = CIL 03, 11334 = RHP 00205	Pannonia superior	Sutto	245	249	Augusti/Augustae; miliaria; milites; mulieres; tituli operum; viri	"Imp(erator) Caes(ar) / M(arcus) Iul(ius) Philippus / P(ius) F(elix) Invictus Aug(ustus) pon/tifex maximus tribun(iciae) / potestatis co(n)s(ul) p(ater) p(atriae) / proco(n)s(ul) et Marcia / Otacilia Severa / sanctissima Aug(usta) / coniux Aug(usti) n(ostri) / vias et ponte(s) vetustate conla<p=B>s(as) / per alam III Thrac(um) Philippianam / restituerunt a B(r)ig(etione) / m(ilia) p(assuum) XI
material: lapis"	http://db.edcs.eu/epigr/partner.php?s_language=en&param=HD074669 | https://edh-www.adw.uni-heidelberg.de/edh/inschrift/HD074669	47.7573845	18.443470			http://db.edcs.eu/epigr/bilder.php?bilder.php?bild=pp
EDCS-28900068	CIL 03, 04647 = AEA 2005, +00020 = AEA 2005, +00050	Pannonia superior	Wien / Vindobona	256	258	Augusti/Augustae; miliaria; tituli operum; viri	"Imp(eratori) Caes(ari) / P(ublio) Licinio Cornel(io) / Valeriano nobilissimo / C(a)es(ari) principi / iuventutis v[i]a[s] / et pontes vetusta(te) / conlapsa(s) resti(tuit) / a Vind(obona) m(ilia) p(assuum) / II
material: lapis"	http://db.edcs.eu/epigr/partner.php?s_language=en&param=HD074168;CO0117290 | https://edh-www.adw.uni-heidelberg.de/edh/inschrift/HD074168 | http://cil.bbaw.de/dateien/cil_view.php?KO=KO0117290	48.2083537	16.3725042			
